OK группа Tallanto	Оплата меньше плановой цены
OK группа Tallanto	Оплата меньше плановой цены
OK группа Tallanto	Оплата меньше плановой цены
OK группа Tallanto	Оплата меньше плановой цены
OK группа Tallanto	Оплата меньше плановой цены
OK группа Tallanto	Оплата меньше плановой цены
OK группа Tallanto	Оплачено
OK группа Tallanto	Оплачено
OK группа Tallanto	Оплата меньше плановой цены
OK группа Tallanto	Оплата меньше плановой цены
OK группа Tallanto	Оплата меньше плановой цены
OK группа Tallanto	Оплата меньше плановой цены
OK группа Tallanto	Оплачено
OK группа Tallanto	Оплата меньше плановой цены
OK группа Tallanto	Оплата меньше плановой цены
OK группа Tallanto	Оплата меньше плановой цены
OK группа Tallanto	Оплата меньше плановой цены
OK группа Tallanto	Подтвержденных поступлений ЛВШ-2026 не найдено
OK группа Tallanto	Оплата меньше плановой цены
OK группа Tallanto	Оплата меньше плановой цены
OK группа Tallanto	Оплата меньше плановой цены
OK группа Tallanto	Подтвержденных поступлений ЛВШ-2026 не найдено
OK группа Tallanto	Оплачено
OK группа Tallanto	Оплата меньше плановой цены
OK группа Tallanto	Оплата меньше плановой цены
OK группа Tallanto	Оплата меньше плановой цены
OK группа Tallanto	Оплата меньше плановой цены
OK группа Tallanto	Оплачено
OK группа Tallanto	Оплачено
OK группа Tallanto	Оплачено
OK группа Tallanto	Оплата меньше плановой цены
OK группа Tallanto	Оплата меньше плановой цены
OK группа Tallanto	Оплачено
OK группа Tallanto	Оплачено
OK группа Tallanto	Оплачено
OK группа Tallanto	Оплата меньше плановой цены
OK группа Tallanto	Оплачено
OK группа Tallanto	Оплата меньше плановой цены
OK группа Tallanto	Оплата меньше плановой цены
OK группа Tallanto	Оплата меньше плановой цены
OK группа Tallanto	Оплата меньше плановой цены
OK группа Tallanto	Оплата меньше плановой цены
OK группа Tallanto	Оплата меньше плановой цены
OK группа Tallanto	Оплата меньше плановой цены
OK группа Tallanto	Оплата меньше плановой цены
OK группа Tallanto	Оплата меньше плановой цены
OK группа Tallanto	Оплата меньше плановой цены
OK группа Tallanto	Оплата меньше плановой цены
OK группа Tallanto	Оплачено
OK группа Tallanto	Оплата меньше плановой цены
OK группа Tallanto	Оплата меньше плановой цены
OK группа Tallanto	Оплата меньше плановой цены
OK группа Tallanto	Оплата меньше плановой цены
OK группа Tallanto	Оплачено
OK группа Tallanto	Оплата меньше плановой цены
OK группа Tallanto	Оплачено
OK группа Tallanto	Оплата меньше плановой цены
OK группа Tallanto	Оплата меньше плановой цены
OK группа Tallanto	Оплата меньше плановой цены
OK группа Tallanto	Оплата меньше плановой цены
OK группа Tallanto	Оплачено
OK группа Tallanto	Оплачено
OK группа Tallanto	Оплата меньше плановой цены
OK группа Tallanto	Оплата меньше плановой цены
OK группа Tallanto	Оплачено
OK группа Tallanto	Оплата меньше плановой цены
OK группа Tallanto	Оплата меньше плановой цены
OK группа Tallanto	Оплата меньше плановой цены
OK группа Tallanto	Оплата меньше плановой цены
OK группа Tallanto	Оплата меньше плановой цены
OK группа Tallanto	Оплата меньше плановой цены
OK группа Tallanto	Оплачено
OK группа Tallanto	Оплата меньше плановой цены
OK группа Tallanto	Оплата меньше плановой цены
OK группа Tallanto	Оплачено
OK группа Tallanto	Оплата меньше плановой цены
OK группа Tallanto	Оплата меньше плановой цены
OK группа Tallanto	Оплачено
OK группа Tallanto	Оплачено
OK группа Tallanto	Оплата меньше плановой цены
OK группа Tallanto	Оплата меньше плановой цены
OK группа Tallanto	Оплата меньше плановой цены
OK группа Tallanto	Оплата меньше плановой цены
OK группа Tallanto	Подтвержденных поступлений ЛВШ-2026 не найдено
OK группа Tallanto	Оплата меньше плановой цены
OK группа Tallanto	Оплата меньше плановой цены
OK группа Tallanto	Оплата меньше плановой цены
OK группа Tallanto	Оплата меньше плановой цены
OK группа Tallanto	Оплата меньше плановой цены
OK группа Tallanto	Подтвержденных поступлений ЛВШ-2026 не найдено
OK группа Tallanto	Оплачено
OK группа Tallanto	Оплачено
OK группа Tallanto	Оплата меньше плановой цены
OK группа Tallanto	Оплата меньше плановой цены
OK группа Tallanto	Оплата меньше плановой цены
OK группа Tallanto	Оплачено
OK группа Tallanto	Оплачено
OK группа Tallanto	Оплата меньше плановой цены
OK группа Tallanto	Оплата меньше плановой цены
OK группа Tallanto	Оплата меньше плановой цены
OK группа Tallanto	Оплата меньше плановой цены
OK группа Tallanto	Оплата меньше плановой цены
OK группа Tallanto	Оплачено
OK группа Tallanto	Оплата меньше плановой цены
OK группа Tallanto	Оплата меньше плановой цены
OK группа Tallanto	Оплачено
OK группа Tallanto	Оплата меньше плановой цены
OK группа Tallanto	Оплата меньше плановой цены
OK группа Tallanto	Подтвержденных поступлений ЛВШ-2026 не найдено
OK группа Tallanto	Оплачено
OK группа Tallanto	Оплачено
OK группа Tallanto	Оплачено
OK группа Tallanto	Оплата меньше плановой цены
OK группа Tallanto	Оплата меньше плановой цены
OK группа Tallanto	Оплата меньше плановой цены
OK группа Tallanto	Оплата меньше плановой цены
OK группа Tallanto	Оплата меньше плановой цены
OK группа Tallanto	Оплата меньше плановой цены
OK группа Tallanto	Оплата меньше плановой цены
OK группа Tallanto	Оплата меньше плановой цены
OK группа Tallanto	Оплата меньше плановой цены
OK группа Tallanto	Оплата меньше плановой цены
OK группа Tallanto	Оплата меньше плановой цены
OK группа Tallanto	Оплата меньше плановой цены
OK группа Tallanto	Оплата меньше плановой цены
OK группа Tallanto	Оплата меньше плановой цены
OK группа Tallanto	Оплата меньше плановой цены
OK группа Tallanto	Оплата меньше плановой цены
OK группа Tallanto	Оплата меньше плановой цены
OK группа Tallanto	Оплачено
OK группа Tallanto	Оплата меньше плановой цены
OK группа Tallanto	Оплата меньше плановой цены
OK группа Tallanto	Оплата меньше плановой цены
OK группа Tallanto	Подтвержденных поступлений ЛВШ-2026 не найдено
OK группа Tallanto	Оплата меньше плановой цены
OK группа Tallanto	Оплата меньше плановой цены
OK группа Tallanto	Оплата меньше плановой цены
OK группа Tallanto	Оплата меньше плановой цены
OK группа Tallanto	Оплачено
OK группа Tallanto	Оплата меньше плановой цены
OK группа Tallanto	Оплата меньше плановой цены
OK группа Tallanto	Оплата меньше плановой цены
OK группа Tallanto	Оплачено
OK группа Tallanto	Оплата меньше плановой цены
OK группа Tallanto	Оплата меньше плановой цены
OK группа Tallanto	Подтвержденных поступлений ЛВШ-2026 не найдено
OK группа Tallanto	Оплата меньше плановой цены
OK группа Tallanto	Оплата меньше плановой цены
OK группа Tallanto	Подтвержденных поступлений ЛВШ-2026 не найдено
OK группа Tallanto	Подтвержденных поступлений ЛВШ-2026 не найдено
OK группа Tallanto	Оплата меньше плановой цены
OK группа Tallanto	Оплата меньше плановой цены
OK группа Tallanto	Оплачено
OK группа Tallanto	Оплата меньше плановой цены
OK группа Tallanto	Оплата меньше плановой цены
OK группа Tallanto	Оплата меньше плановой цены
OK группа Tallanto	Подтвержденных поступлений ЛВШ-2026 не найдено
OK группа Tallanto	Подтвержденных поступлений ЛВШ-2026 не найдено
OK группа Tallanto	Оплата меньше плановой цены
OK группа Tallanto	Оплата меньше плановой цены
OK группа Tallanto	Подтвержденных поступлений ЛВШ-2026 не найдено
OK группа Tallanto	Оплата меньше плановой цены
OK группа Tallanto	Оплата меньше плановой цены
OK группа Tallanto	Оплата меньше плановой цены
OK группа Tallanto	Оплата меньше плановой цены
OK группа Tallanto	Подтвержденных поступлений ЛВШ-2026 не найдено
OK группа Tallanto	Подтвержденных поступлений ЛВШ-2026 не найдено
OK группа Tallanto	Оплачено
OK группа Tallanto	Оплата меньше плановой цены
OK группа Tallanto	Оплата меньше плановой цены
OK группа Tallanto	Оплата меньше плановой цены
OK группа Tallanto	Оплата меньше плановой цены
OK группа Tallanto	Подтвержденных поступлений ЛВШ-2026 не найдено
OK группа Tallanto	Подтвержденных поступлений ЛВШ-2026 не найдено
OK группа Tallanto	Оплата меньше плановой цены
OK группа Tallanto	Оплата меньше плановой цены
OK группа Tallanto	Подтвержденных поступлений ЛВШ-2026 не найдено
OK группа Tallanto	Оплата меньше плановой цены
OK группа Tallanto	Подтвержденных поступлений ЛВШ-2026 не найдено
OK группа Tallanto	Подтвержденных поступлений ЛВШ-2026 не найдено
OK группа Tallanto	Оплата меньше плановой цены
OK группа Tallanto	Оплата меньше плановой цены
OK группа Tallanto	Оплата меньше плановой цены
OK группа Tallanto	Оплата меньше плановой цены
OK группа Tallanto	Оплата меньше плановой цены
OK группа Tallanto	Оплата меньше плановой цены
OK группа Tallanto	Подтвержденных поступлений ЛВШ-2026 не найдено
OK группа Tallanto	Оплачено
OK группа Tallanto	Оплата меньше плановой цены
OK группа Tallanto	Оплата меньше плановой цены
OK группа Tallanto	Подтвержденных поступлений ЛВШ-2026 не найдено
OK группа Tallanto	Оплата меньше плановой цены
OK группа Tallanto	Оплачено
OK группа Tallanto	Оплата меньше плановой цены
OK группа Tallanto	Оплата меньше плановой цены
OK группа Tallanto	Оплачено
OK группа Tallanto	Подтвержденных поступлений ЛВШ-2026 не найдено
OK группа Tallanto	Оплата меньше плановой цены
OK группа Tallanto	Оплата меньше плановой цены
OK группа Tallanto	Подтвержденных поступлений ЛВШ-2026 не найдено
OK группа Tallanto	Оплачено
OK группа Tallanto	Оплата меньше плановой цены
OK группа Tallanto	Оплата меньше плановой цены
OK группа Tallanto	Оплата меньше плановой цены
OK группа Tallanto	Оплата меньше плановой цены
OK группа Tallanto	Оплачено
OK группа Tallanto	Оплата меньше плановой цены
OK группа Tallanto	Оплата меньше плановой цены
OK группа Tallanto	Оплата меньше плановой цены
OK группа Tallanto	Подтвержденных поступлений ЛВШ-2026 не найдено
OK группа Tallanto	Оплата меньше плановой цены
OK группа Tallanto	Подтвержденных поступлений ЛВШ-2026 не найдено
OK группа Tallanto	Оплата меньше плановой цены
OK группа Tallanto	Оплата меньше плановой цены
OK группа Tallanto	Оплата меньше плановой цены
OK группа Tallanto	Оплата меньше плановой цены
OK группа Tallanto	Оплата меньше плановой цены
OK группа Tallanto	Подтвержденных поступлений ЛВШ-2026 не найдено
OK группа Tallanto	Подтвержденных поступлений ЛВШ-2026 не найдено
OK группа Tallanto	Оплата меньше плановой цены
OK группа Tallanto	Оплата меньше плановой цены
OK группа Tallanto	Оплата меньше плановой цены
OK группа Tallanto	Оплата меньше плановой цены
OK группа Tallanto	Оплата меньше плановой цены
OK группа Tallanto	Оплата меньше плановой цены
OK группа Tallanto	Подтвержденных поступлений ЛВШ-2026 не найдено
OK группа Tallanto	Оплата меньше плановой цены
OK группа Tallanto	Подтвержденных поступлений ЛВШ-2026 не найдено
OK группа Tallanto	Оплата меньше плановой цены
OK группа Tallanto	Оплата меньше плановой цены
OK группа Tallanto	Оплата меньше плановой цены
OK группа Tallanto	Оплата меньше плановой цены
OK группа Tallanto	Подтвержденных поступлений ЛВШ-2026 не найдено
OK группа Tallanto	Оплата меньше плановой цены
OK группа Tallanto	Оплата меньше плановой цены
OK группа Tallanto	Подтвержденных поступлений ЛВШ-2026 не найдено
OK группа Tallanto	Оплата меньше плановой цены
OK группа Tallanto	Оплата меньше плановой цены
OK группа Tallanto	Оплата меньше плановой цены
OK группа Tallanto	Оплата меньше плановой цены
OK группа Tallanto	Оплата меньше плановой цены
OK группа Tallanto	Оплачено
OK группа Tallanto	Оплачено
OK группа Tallanto	Подтвержденных поступлений ЛВШ-2026 не найдено
OK группа Tallanto	Подтвержденных поступлений ЛВШ-2026 не найдено
OK группа Tallanto	Подтвержденных поступлений ЛВШ-2026 не найдено
OK группа Tallanto	Оплачено
OK группа Tallanto	Подтвержденных поступлений ЛВШ-2026 не найдено
OK группа Tallanto	Оплачено
OK группа Tallanto	Оплата меньше плановой цены
OK группа Tallanto	Оплачено
OK группа Tallanto	Подтвержденных поступлений ЛВШ-2026 не найдено
OK группа Tallanto	Подтвержденных поступлений ЛВШ-2026 не найдено
OK группа Tallanto	Подтвержденных поступлений ЛВШ-2026 не найдено
OK группа Tallanto	Оплачено
OK группа Tallanto	Оплата меньше плановой цены
OK группа Tallanto	Оплата меньше плановой цены
OK группа Tallanto	Оплачено
OK группа Tallanto	Оплата меньше плановой цены
OK группа Tallanto	Оплата меньше плановой цены
OK группа Tallanto	Подтвержденных поступлений ЛВШ-2026 не найдено
OK группа Tallanto	Оплачено
OK группа Tallanto	Оплата меньше плановой цены
OK группа Tallanto	Подтвержденных поступлений ЛВШ-2026 не найдено
OK группа Tallanto	Оплачено
OK группа Tallanto	Оплачено
OK группа Tallanto	Оплачено
OK группа Tallanto	Оплачено
OK группа Tallanto	Оплачено
OK группа Tallanto	Подтвержденных поступлений ЛВШ-2026 не найдено
OK группа Tallanto	Подтвержденных поступлений ЛВШ-2026 не найдено
OK группа Tallanto	Подтвержденных поступлений ЛВШ-2026 не найдено
OK группа Tallanto	Оплачено
OK группа Tallanto	Оплата меньше плановой цены
OK группа Tallanto	Оплачено
OK группа Tallanto	Оплачено
OK группа Tallanto	Оплата меньше плановой цены
OK группа Tallanto	Оплачено
OK группа Tallanto	Оплата меньше плановой цены
OK группа Tallanto	Оплачено
OK группа Tallanto	Оплата меньше плановой цены
OK группа Tallanto	Оплачено
OK группа Tallanto	Оплата меньше плановой цены
OK группа Tallanto	Оплачено
OK группа Tallanto	Оплачено
OK группа Tallanto	Подтвержденных поступлений ЛВШ-2026 не найдено
OK группа Tallanto	Оплата меньше плановой цены
OK группа Tallanto	Оплачено
OK группа Tallanto	Оплачено
OK группа Tallanto	Оплата меньше плановой цены
OK группа Tallanto	Оплата меньше плановой цены
OK группа Tallanto	Оплата меньше плановой цены
OK группа Tallanto	Подтвержденных поступлений ЛВШ-2026 не найдено
OK группа Tallanto	Оплачено
OK группа Tallanto	Оплачено
OK группа Tallanto	Оплата меньше плановой цены
OK группа Tallanto	Оплачено
OK группа Tallanto	Оплата меньше плановой цены
OK группа Tallanto	Оплачено
OK группа Tallanto	Оплачено
OK группа Tallanto	Оплачено
OK группа Tallanto	Оплата меньше плановой цены
OK группа Tallanto	Оплачено
OK группа Tallanto	Оплачено
OK группа Tallanto	Оплата меньше плановой цены
OK группа Tallanto	Подтвержденных поступлений ЛВШ-2026 не найдено
OK группа Tallanto	Оплачено
OK группа Tallanto	Оплачено
OK группа Tallanto	Подтвержденных поступлений ЛВШ-2026 не найдено
OK группа Tallanto	Оплата меньше плановой цены
OK группа Tallanto	Оплачено
OK группа Tallanto	Оплачено
OK группа Tallanto	Подтвержденных поступлений ЛВШ-2026 не найдено
OK группа Tallanto	Оплачено
OK группа Tallanto	Оплата меньше плановой цены
OK группа Tallanto	Оплачено
OK группа Tallanto	Оплачено
OK группа Tallanto	Оплачено
OK группа Tallanto	Оплачено
OK группа Tallanto	Оплата меньше плановой цены
OK группа Tallanto	Оплата меньше плановой цены
OK группа Tallanto	Оплачено
OK группа Tallanto	Подтвержденных поступлений ЛВШ-2026 не найдено
OK группа Tallanto	Подтвержденных поступлений ЛВШ-2026 не найдено
OK группа Tallanto	Оплата меньше плановой цены
OK группа Tallanto	Оплачено
OK группа Tallanto	Оплачено
OK группа Tallanto	Подтвержденных поступлений ЛВШ-2026 не найдено
OK группа Tallanto	Оплачено
OK группа Tallanto	Оплачено
OK группа Tallanto	Оплата меньше плановой цены
OK группа Tallanto	Оплачено
OK группа Tallanto	Оплачено
OK группа Tallanto	Оплачено
OK группа Tallanto	Оплата меньше плановой цены
OK группа Tallanto	Оплачено
OK группа Tallanto	Оплата меньше плановой цены
OK группа Tallanto	Оплачено
OK группа Tallanto	Оплата меньше плановой цены
OK группа Tallanto	Оплачено
OK группа Tallanto	Оплачено
OK группа Tallanto	Оплата меньше плановой цены
OK группа Tallanto	Оплата меньше плановой цены
OK группа Tallanto	Оплачено
OK группа Tallanto	Оплата меньше плановой цены
OK группа Tallanto	Оплата меньше плановой цены
OK группа Tallanto	Оплата меньше плановой цены
OK группа Tallanto	Оплата меньше плановой цены
OK группа Tallanto	Оплата меньше плановой цены
OK группа Tallanto	Оплата меньше плановой цены
OK группа Tallanto	Оплата меньше плановой цены
OK группа Tallanto	Оплата меньше плановой цены
OK группа Tallanto	Подтвержденных поступлений ЛВШ-2026 не найдено
OK группа Tallanto	Оплачено
OK группа Tallanto	Оплата меньше плановой цены
OK группа Tallanto	Оплата меньше плановой цены
OK группа Tallanto	Оплата меньше плановой цены
OK группа Tallanto	Подтвержденных поступлений ЛВШ-2026 не найдено
OK группа Tallanto	Оплата меньше плановой цены
OK группа Tallanto	Оплата меньше плановой цены
OK группа Tallanto	Оплата меньше плановой цены
OK группа Tallanto	Оплата меньше плановой цены
OK группа Tallanto	Оплата меньше плановой цены
OK группа Tallanto	Оплата меньше плановой цены
OK группа Tallanto	Оплата меньше плановой цены
OK группа Tallanto	Оплата меньше плановой цены
OK группа Tallanto	Оплата меньше плановой цены
OK группа Tallanto	Оплата меньше плановой цены
OK группа Tallanto	Оплата меньше плановой цены
OK группа Tallanto	Оплата меньше плановой цены
OK группа Tallanto	Подтвержденных поступлений ЛВШ-2026 не найдено
OK группа Tallanto	Оплачено
OK группа Tallanto	Оплачено
OK группа Tallanto	Оплата меньше плановой цены
OK группа Tallanto	Оплата меньше плановой цены
OK группа Tallanto	Оплата меньше плановой цены
OK группа Tallanto	Оплата меньше плановой цены
OK группа Tallanto	Оплата меньше плановой цены
OK группа Tallanto	Оплата меньше плановой цены
OK группа Tallanto	Оплачено
OK группа Tallanto	Оплата меньше плановой цены
OK группа Tallanto	Оплачено
OK группа Tallanto	Оплата меньше плановой цены
OK группа Tallanto	Оплата меньше плановой цены
OK группа Tallanto	Оплата меньше плановой цены
OK группа Tallanto	Оплата меньше плановой цены
OK группа Tallanto	Подтвержденных поступлений ЛВШ-2026 не найдено
OK группа Tallanto	Оплачено
OK группа Tallanto	Оплачено
OK группа Tallanto	Оплачено
OK группа Tallanto	Оплата меньше плановой цены
OK группа Tallanto	Оплата меньше плановой цены
OK группа Tallanto	Оплачено
OK группа Tallanto	Оплата меньше плановой цены
OK группа Tallanto	Оплата меньше плановой цены
OK группа Tallanto	Оплата меньше плановой цены
OK группа Tallanto	Оплата меньше плановой цены
OK группа Tallanto	Оплата меньше плановой цены
OK группа Tallanto	Оплата меньше плановой цены
OK группа Tallanto	Оплата меньше плановой цены
OK группа Tallanto	Оплачено
OK группа Tallanto	Оплата меньше плановой цены
OK группа Tallanto	Оплачено
OK группа Tallanto	Оплата меньше плановой цены
OK группа Tallanto	Оплата меньше плановой цены
OK группа Tallanto	Оплата меньше плановой цены
OK группа Tallanto	Оплачено
OK группа Tallanto	Оплата меньше плановой цены
OK группа Tallanto	Оплата меньше плановой цены
OK группа Tallanto	Оплачено
OK группа Tallanto	Оплата меньше плановой цены
OK группа Tallanto	Оплата меньше плановой цены
OK группа Tallanto	Оплата меньше плановой цены
OK группа Tallanto	Оплата меньше плановой цены
OK группа Tallanto	Оплачено
OK группа Tallanto	Оплата меньше плановой цены
OK группа Tallanto	Оплата меньше плановой цены
OK группа Tallanto	Оплата меньше плановой цены
OK группа Tallanto	Оплата меньше плановой цены
OK группа Tallanto	Оплата меньше плановой цены
OK группа Tallanto	Оплачено
OK группа Tallanto	Оплата меньше плановой цены
OK группа Tallanto	Оплата меньше плановой цены
OK группа Tallanto	Подтвержденных поступлений ЛВШ-2026 не найдено
OK группа Tallanto	Оплачено
OK группа Tallanto	Оплата меньше плановой цены
OK группа Tallanto	Оплата меньше плановой цены
OK группа Tallanto	Оплачено
OK группа Tallanto	Подтвержденных поступлений ЛВШ-2026 не найдено
OK группа Tallanto	Оплата меньше плановой цены
OK группа Tallanto	Оплачено
OK группа Tallanto	Оплата меньше плановой цены
OK группа Tallanto	Оплачено
OK группа Tallanto	Оплата меньше плановой цены
OK группа Tallanto	Оплата меньше плановой цены
OK группа Tallanto	Оплата меньше плановой цены
OK группа Tallanto	Оплата меньше плановой цены
OK группа Tallanto	Оплата меньше плановой цены
OK группа Tallanto	Оплата меньше плановой цены
OK группа Tallanto	Оплачено
OK группа Tallanto	Оплата меньше плановой цены
OK группа Tallanto	Оплата меньше плановой цены
OK группа Tallanto	Оплата меньше плановой цены
OK группа Tallanto	Оплачено
OK группа Tallanto	Оплата меньше плановой цены
OK группа Tallanto	Оплата меньше плановой цены
OK группа Tallanto	Оплата меньше плановой цены
OK группа Tallanto	Оплата меньше плановой цены
OK группа Tallanto	Оплата меньше плановой цены
OK группа Tallanto	Оплата меньше плановой цены
OK группа Tallanto	Оплачено
OK группа Tallanto	Оплата меньше плановой цены
OK группа Tallanto	Оплачено
OK группа Tallanto	Оплата меньше плановой цены
OK группа Tallanto	Оплата меньше плановой цены
OK группа Tallanto	Оплачено
OK группа Tallanto	Оплата меньше плановой цены
OK группа Tallanto	Оплачено
OK группа Tallanto	Оплата меньше плановой цены
OK группа Tallanto	Оплата меньше плановой цены
OK группа Tallanto	Оплата меньше плановой цены
OK группа Tallanto	Оплата меньше плановой цены
OK группа Tallanto	Оплата меньше плановой цены
OK группа Tallanto	Оплата меньше плановой цены
OK группа Tallanto	Оплата меньше плановой цены
OK группа Tallanto	Оплата меньше плановой цены
OK группа Tallanto	Оплата меньше плановой цены
OK группа Tallanto	Оплачено
OK группа Tallanto	Оплачено
OK группа Tallanto	Оплата меньше плановой цены
OK группа Tallanto	Оплата меньше плановой цены
OK группа Tallanto	Оплата меньше плановой цены
OK группа Tallanto	Оплата меньше плановой цены
OK группа Tallanto	Оплата меньше плановой цены
OK группа Tallanto	Оплата меньше плановой цены
OK группа Tallanto	Оплата меньше плановой цены
OK группа Tallanto	Оплата меньше плановой цены
OK группа Tallanto	Оплачено
OK группа Tallanto	Оплачено
OK группа Tallanto	Оплачено
OK группа Tallanto	Оплачено
OK группа Tallanto	Оплачено
OK группа Tallanto	Оплачено
OK группа Tallanto	Оплата меньше плановой цены
OK группа Tallanto	Подтвержденных поступлений ЛВШ-2026 не найдено
OK группа Tallanto	Оплачено
OK группа Tallanto	Оплата меньше плановой цены
OK группа Tallanto	Оплачено
OK группа Tallanto	Оплата меньше плановой цены
OK группа Tallanto	Оплата меньше плановой цены
OK группа Tallanto	Оплата меньше плановой цены
OK группа Tallanto	Оплата меньше плановой цены
OK группа Tallanto	Оплата меньше плановой цены
OK группа Tallanto	Оплата меньше плановой цены
OK группа Tallanto	Оплата меньше плановой цены
OK группа Tallanto	Оплата меньше плановой цены
OK группа Tallanto	Оплата меньше плановой цены
OK группа Tallanto	Оплачено
OK группа Tallanto	Оплата меньше плановой цены
OK группа Tallanto	Оплачено
OK группа Tallanto	Оплачено
OK группа Tallanto	Оплата меньше плановой цены
OK группа Tallanto	Оплата меньше плановой цены
OK группа Tallanto	Оплата меньше плановой цены
OK группа Tallanto	Оплата меньше плановой цены
OK группа Tallanto	Оплата меньше плановой цены
OK группа Tallanto	Оплата меньше плановой цены
OK группа Tallanto	Подтвержденных поступлений ЛВШ-2026 не найдено
OK группа Tallanto	Оплата меньше плановой цены
OK группа Tallanto	Оплата меньше плановой цены
OK группа Tallanto	Оплачено
OK группа Tallanto	Оплата меньше плановой цены
OK группа Tallanto	Оплата меньше плановой цены
OK группа Tallanto	Оплачено
OK группа Tallanto	Оплата меньше плановой цены
OK группа Tallanto	Оплачено
OK группа Tallanto	Оплата меньше плановой цены
OK группа Tallanto	Оплачено
OK группа Tallanto	Оплата меньше плановой цены
OK группа Tallanto	Оплата меньше плановой цены
OK группа Tallanto	Оплачено
OK группа Tallanto	Оплата меньше плановой цены
OK группа Tallanto	Оплата меньше плановой цены
OK группа Tallanto	Оплачено
OK группа Tallanto	Оплата меньше плановой цены
OK группа Tallanto	Оплата меньше плановой цены
OK группа Tallanto	Оплата меньше плановой цены
OK группа Tallanto	Оплата меньше плановой цены
OK группа Tallanto	Оплата меньше плановой цены
OK группа Tallanto	Оплата меньше плановой цены
OK группа Tallanto	Оплата меньше плановой цены
OK группа Tallanto	Оплачено
OK группа Tallanto	Оплата меньше плановой цены
OK группа Tallanto	Оплачено
OK группа Tallanto	Оплата меньше плановой цены
OK группа Tallanto	Оплата меньше плановой цены
OK группа Tallanto	Оплачено
OK группа Tallanto	Оплачено
OK группа Tallanto	Оплата меньше плановой цены
OK группа Tallanto	Оплата меньше плановой цены
OK группа Tallanto	Оплата меньше плановой цены
OK группа Tallanto	Оплачено
OK группа Tallanto	Оплата меньше плановой цены
OK группа Tallanto	Оплата меньше плановой цены
OK группа Tallanto	Оплачено
OK группа Tallanto	Оплата меньше плановой цены
OK группа Tallanto	Оплата меньше плановой цены
OK группа Tallanto	Оплачено
OK группа Tallanto	Оплачено
OK группа Tallanto	Подтвержденных поступлений ЛВШ-2026 не найдено
OK группа Tallanto	Оплата меньше плановой цены
OK группа Tallanto	Оплата меньше плановой цены
OK группа Tallanto	Оплачено
OK группа Tallanto	Оплата меньше плановой цены
OK группа Tallanto	Оплачено
OK группа Tallanto	Оплачено
OK группа Tallanto	Оплачено
OK группа Tallanto	Оплата меньше плановой цены
OK группа Tallanto	Оплата меньше плановой цены
