id,most_courses_id,contact_id,most_courses_contacts_status,seller_id,notice,date_entry,date_modified,event_id,brand,event_title,course_name
91d600cf-f10a-4811-3739-6a0efda65a1a,bb4fc9bf-6544-5f02-9ede-69dca4bad805,155e40e8-e039-702b-84eb-6a0efd91aa62,written,,ФМ 59500,2026-05-21 15:43:18,2026-05-21 15:52:24,OCH_LSH_MSK_UNPK_0607,УНПК,ЛШ очная Москва 06.07-17.07 УНПК,ЛШ 2026 Очно Москва 6.07 - 17.07 (УНПК)
1064646b-a7ce-8e55-da91-6a01aa3533fb,bb4fc9bf-6544-5f02-9ede-69dca4bad805,15802d2d-594f-fd8a-882e-6a01aa1f34f6,written,,фм база,2026-05-11 13:07:26,2026-05-18 12:20:56,OCH_LSH_MSK_UNPK_0607,УНПК,ЛШ очная Москва 06.07-17.07 УНПК,ЛШ 2026 Очно Москва 6.07 - 17.07 (УНПК)
8e16db99-d9d8-6bba-73ec-69e73d0190d8,bb4fc9bf-6544-5f02-9ede-69dca4bad805,1597c915-3194-1181-457c-69e216a30f49,written,,фм база,2026-04-21 12:06:00,2026-04-21 12:16:40,OCH_LSH_MSK_UNPK_0607,УНПК,ЛШ очная Москва 06.07-17.07 УНПК,ЛШ 2026 Очно Москва 6.07 - 17.07 (УНПК)
7fd0fb03-ba6a-5eb8-955c-6a181ecf420d,bb4fc9bf-6544-5f02-9ede-69dca4bad805,1add0945-d7ee-3e1c-432c-6a181e795960,written,,"фм, база",2026-05-28 13:53:13,2026-05-28 13:53:19,OCH_LSH_MSK_UNPK_0607,УНПК,ЛШ очная Москва 06.07-17.07 УНПК,ЛШ 2026 Очно Москва 6.07 - 17.07 (УНПК)
6c1501a5-017e-1430-5b60-69f9c236c1d4,bb4fc9bf-6544-5f02-9ede-69dca4bad805,1bd39a37-ae02-c256-0fc1-69f9c0061a75,written,,фм 37500,2026-05-05 13:10:27,2026-05-05 13:10:35,OCH_LSH_MSK_UNPK_0607,УНПК,ЛШ очная Москва 06.07-17.07 УНПК,ЛШ 2026 Очно Москва 6.07 - 17.07 (УНПК)
3ff91c1b-d4cc-6d44-bc64-6a0adb8a37f6,bb4fc9bf-6544-5f02-9ede-69dca4bad805,21de4062-a2eb-f98f-c8b8-6a0443d9e199,written,,фм база,2026-05-18 12:28:11,2026-05-18 12:28:15,OCH_LSH_MSK_UNPK_0607,УНПК,ЛШ очная Москва 06.07-17.07 УНПК,ЛШ 2026 Очно Москва 6.07 - 17.07 (УНПК)
dbab73f5-ff73-20a0-289b-6a19a9025135,bb4fc9bf-6544-5f02-9ede-69dca4bad805,23490cb2-9656-854b-b50a-6a19a93218f0,written,,ФМ прем 10,2026-05-29 17:59:53,2026-05-29 18:00:00,OCH_LSH_MSK_UNPK_0607,УНПК,ЛШ очная Москва 06.07-17.07 УНПК,ЛШ 2026 Очно Москва 6.07 - 17.07 (УНПК)
ddb41b60-08b3-f572-5356-6a14072da892,bb4fc9bf-6544-5f02-9ede-69dca4bad805,2536561c-d4bf-a714-6eb5-6a0d5dca7b9c,written,,премиум,2026-05-25 11:24:13,2026-05-25 11:24:19,OCH_LSH_MSK_UNPK_0607,УНПК,ЛШ очная Москва 06.07-17.07 УНПК,ЛШ 2026 Очно Москва 6.07 - 17.07 (УНПК)
7229db2c-12c6-cb14-ce7d-6a14064dabdb,bb4fc9bf-6544-5f02-9ede-69dca4bad805,27d7f16e-80c6-d8e2-e899-6a0aed21c1c6,written,,фм премиум 10,2026-05-25 11:23:11,2026-05-25 11:23:22,OCH_LSH_MSK_UNPK_0607,УНПК,ЛШ очная Москва 06.07-17.07 УНПК,ЛШ 2026 Очно Москва 6.07 - 17.07 (УНПК)
8c75439b-6955-28be-97d9-6a0b0c5ef2eb,bb4fc9bf-6544-5f02-9ede-69dca4bad805,29e87cfc-ef53-32bf-2cb6-66eec15869e9,written,,ФМ 59500 + проект ИИ,2026-05-18 15:54:56,2026-05-18 15:55:13,OCH_LSH_MSK_UNPK_0607,УНПК,ЛШ очная Москва 06.07-17.07 УНПК,ЛШ 2026 Очно Москва 6.07 - 17.07 (УНПК)
a4e57ac8-83de-a4f9-a0bb-6a0adb287ca2,bb4fc9bf-6544-5f02-9ede-69dca4bad805,2abeaf2e-a901-e8d9-f0aa-69fb4c72a7d3,written,,"ИИ , премиум 10",2026-05-18 12:27:02,2026-05-21 11:15:11,OCH_LSH_MSK_UNPK_0607,УНПК,ЛШ очная Москва 06.07-17.07 УНПК,ЛШ 2026 Очно Москва 6.07 - 17.07 (УНПК)
1a970b44-915f-09e4-4e66-6a1963c0c87a,bb4fc9bf-6544-5f02-9ede-69dca4bad805,2c191f84-d6a0-3c63-f3fc-6a06d26cc14f,written,,"фм, премиум 10",2026-05-29 13:00:03,2026-05-29 13:00:14,OCH_LSH_MSK_UNPK_0607,УНПК,ЛШ очная Москва 06.07-17.07 УНПК,ЛШ 2026 Очно Москва 6.07 - 17.07 (УНПК)
ed7ccc2f-49c7-f669-0d70-6a1586ff48c6,bb4fc9bf-6544-5f02-9ede-69dca4bad805,2ee864c7-fae9-8e06-14d1-6a158565c511,written,,ФМ 59500,2026-05-26 14:41:24,2026-05-26 14:41:29,OCH_LSH_MSK_UNPK_0607,УНПК,ЛШ очная Москва 06.07-17.07 УНПК,ЛШ 2026 Очно Москва 6.07 - 17.07 (УНПК)
b6374ab9-5c5a-7702-cce5-6a201785b0c0,bb4fc9bf-6544-5f02-9ede-69dca4bad805,33556a82-ac61-1c13-c91e-6a201126d1c1,written,,"физмат, премиум 10",2026-06-03 15:02:01,2026-06-03 15:02:14,OCH_LSH_MSK_UNPK_0607,УНПК,ЛШ очная Москва 06.07-17.07 УНПК,ЛШ 2026 Очно Москва 6.07 - 17.07 (УНПК)
5ec00ab3-d000-621a-c1a0-6a0567ceca49,bb4fc9bf-6544-5f02-9ede-69dca4bad805,3380a81a-6785-8a0f-6004-6a0566a643d9,written,,фм база,2026-05-14 09:09:23,2026-05-18 12:23:15,OCH_LSH_MSK_UNPK_0607,УНПК,ЛШ очная Москва 06.07-17.07 УНПК,ЛШ 2026 Очно Москва 6.07 - 17.07 (УНПК)
7d77aabd-6e3b-ba50-5118-69fb3e0e7c1e,bb4fc9bf-6544-5f02-9ede-69dca4bad805,35158c62-f3c2-d854-925c-69fb3e0a31f4,written,,ИИ 59500,2026-05-06 16:13:24,2026-05-06 16:13:30,OCH_LSH_MSK_UNPK_0607,УНПК,ЛШ очная Москва 06.07-17.07 УНПК,ЛШ 2026 Очно Москва 6.07 - 17.07 (УНПК)
5e2b7912-390e-512f-f143-6a1814ccccc6,bb4fc9bf-6544-5f02-9ede-69dca4bad805,35187b11-bd4b-87bf-a3a5-6a181337c0ce,written,,"физмат, база",2026-05-28 13:10:58,2026-05-28 13:11:01,OCH_LSH_MSK_UNPK_0607,УНПК,ЛШ очная Москва 06.07-17.07 УНПК,ЛШ 2026 Очно Москва 6.07 - 17.07 (УНПК)
c7644581-7a99-c6f9-43ec-69f9d054f618,bb4fc9bf-6544-5f02-9ede-69dca4bad805,36d14cbc-cbc6-627b-7c54-6936d4c7388c,written,,"ИИ, премиум 10",2026-05-05 14:12:55,2026-05-05 14:13:03,OCH_LSH_MSK_UNPK_0607,УНПК,ЛШ очная Москва 06.07-17.07 УНПК,ЛШ 2026 Очно Москва 6.07 - 17.07 (УНПК)
b1d2802e-fe90-db02-085d-6a0adb4a6cb4,bb4fc9bf-6544-5f02-9ede-69dca4bad805,387e0e14-38a2-38d0-d8ab-6a0ad0319c5e,written,,ИИ премиум,2026-05-18 12:27:38,2026-05-26 15:50:41,OCH_LSH_MSK_UNPK_0607,УНПК,ЛШ очная Москва 06.07-17.07 УНПК,ЛШ 2026 Очно Москва 6.07 - 17.07 (УНПК)
63d40e3d-d79b-bf81-7d84-6a1d3fd276f8,bb4fc9bf-6544-5f02-9ede-69dca4bad805,398bd952-3959-01a2-a96f-6a1d3f788cc9,written,,фм база,2026-06-01 11:16:08,2026-06-01 11:16:15,OCH_LSH_MSK_UNPK_0607,УНПК,ЛШ очная Москва 06.07-17.07 УНПК,ЛШ 2026 Очно Москва 6.07 - 17.07 (УНПК)
3a93e5be-306d-e6c6-8fda-6a1066d727ed,bb4fc9bf-6544-5f02-9ede-69dca4bad805,3a19f7e8-f891-85cb-4e8b-6a1065f833c2,written,,"ИИ, премиум 10+",2026-05-22 17:19:44,2026-05-22 17:19:53,OCH_LSH_MSK_UNPK_0607,УНПК,ЛШ очная Москва 06.07-17.07 УНПК,ЛШ 2026 Очно Москва 6.07 - 17.07 (УНПК)
77f6d910-d6a5-4975-1e90-6a145eb0f239,bb4fc9bf-6544-5f02-9ede-69dca4bad805,41912130-0fc0-159e-44e6-6a145e971b42,written,,ИИ база,2026-05-25 17:37:06,2026-05-25 17:38:49,OCH_LSH_MSK_UNPK_0607,УНПК,ЛШ очная Москва 06.07-17.07 УНПК,ЛШ 2026 Очно Москва 6.07 - 17.07 (УНПК)
a961a37a-491d-152d-9bfc-6a16c4e3f7db,bb4fc9bf-6544-5f02-9ede-69dca4bad805,41a1b613-74b4-0246-852a-6a16c3040bd9,written,,ИИ+проект 59500,2026-05-27 13:15:17,2026-05-27 13:15:26,OCH_LSH_MSK_UNPK_0607,УНПК,ЛШ очная Москва 06.07-17.07 УНПК,ЛШ 2026 Очно Москва 6.07 - 17.07 (УНПК)
35037628-7680-ec6d-55ee-6a216b71f81f,bb4fc9bf-6544-5f02-9ede-69dca4bad805,42180fdf-0676-d14f-079b-6a216979277a,written,,ИИ прем 10,2026-06-04 15:10:43,2026-06-04 15:10:51,OCH_LSH_MSK_UNPK_0607,УНПК,ЛШ очная Москва 06.07-17.07 УНПК,ЛШ 2026 Очно Москва 6.07 - 17.07 (УНПК)
4d8214ca-1bff-24d6-86de-69e88f8159c9,bb4fc9bf-6544-5f02-9ede-69dca4bad805,444f0989-6dd5-9173-be97-69e88f3a838f,written,,база,2026-04-22 12:07:12,2026-04-22 12:07:17,OCH_LSH_MSK_UNPK_0607,УНПК,ЛШ очная Москва 06.07-17.07 УНПК,ЛШ 2026 Очно Москва 6.07 - 17.07 (УНПК)
12d0cf3b-6494-717b-0b8c-6a17ee7bda74,bb4fc9bf-6544-5f02-9ede-69dca4bad805,46320d62-d6c9-205f-47b2-6a17ec7c70a5,written,,"физмат, премиум 10",2026-05-28 10:26:03,2026-05-28 10:26:18,OCH_LSH_MSK_UNPK_0607,УНПК,ЛШ очная Москва 06.07-17.07 УНПК,ЛШ 2026 Очно Москва 6.07 - 17.07 (УНПК)
4bb38bf4-e888-d4bf-03ec-6a19a9ec8730,bb4fc9bf-6544-5f02-9ede-69dca4bad805,46aaa2dd-bd3f-d4cb-2aae-668548078c85,written,,ФМ прем 10,2026-05-29 17:56:31,2026-05-29 17:56:37,OCH_LSH_MSK_UNPK_0607,УНПК,ЛШ очная Москва 06.07-17.07 УНПК,ЛШ 2026 Очно Москва 6.07 - 17.07 (УНПК)
6b3105b4-a080-665b-69fd-6a0c8c245909,bb4fc9bf-6544-5f02-9ede-69dca4bad805,47a66656-b26f-4af9-83b5-6a0c8b1d1366,written,,ФМ база,2026-05-19 19:14:05,2026-05-19 19:14:12,OCH_LSH_MSK_UNPK_0607,УНПК,ЛШ очная Москва 06.07-17.07 УНПК,ЛШ 2026 Очно Москва 6.07 - 17.07 (УНПК)
df560197-ad2e-4ad7-85f0-6a033c5d1080,bb4fc9bf-6544-5f02-9ede-69dca4bad805,48769c10-39df-d80b-7db2-6a033c523d82,written,,ФМ 99500,2026-05-12 17:44:44,2026-05-18 16:14:36,OCH_LSH_MSK_UNPK_0607,УНПК,ЛШ очная Москва 06.07-17.07 УНПК,ЛШ 2026 Очно Москва 6.07 - 17.07 (УНПК)
2105bdda-7641-55bd-eae6-6a05a5523090,bb4fc9bf-6544-5f02-9ede-69dca4bad805,4942000c-4d30-4db9-1f7c-6a05a5fc78fd,written,,"по физике печально- хотят подтянуть знания , по математике норм знания (ФМ премиум)",2026-05-14 13:34:40,2026-05-18 12:24:54,OCH_LSH_MSK_UNPK_0607,УНПК,ЛШ очная Москва 06.07-17.07 УНПК,ЛШ 2026 Очно Москва 6.07 - 17.07 (УНПК)
a60f76a4-745e-f58f-aeb8-6a1fce2e4672,bb4fc9bf-6544-5f02-9ede-69dca4bad805,4b39f542-c27d-e076-46fc-6a1fccb360cc,written,,"Ии, премиум 10",2026-06-03 09:49:29,2026-06-03 09:49:37,OCH_LSH_MSK_UNPK_0607,УНПК,ЛШ очная Москва 06.07-17.07 УНПК,ЛШ 2026 Очно Москва 6.07 - 17.07 (УНПК)
ec421cd0-2053-f92c-16e6-6a218b3b01db,bb4fc9bf-6544-5f02-9ede-69dca4bad805,4c451c2e-c5a0-f3ab-7512-6a1e9984e479,written,,,2026-06-04 17:29:27,2026-06-04 17:29:27,OCH_LSH_MSK_UNPK_0607,УНПК,ЛШ очная Москва 06.07-17.07 УНПК,ЛШ 2026 Очно Москва 6.07 - 17.07 (УНПК)
8dab5f9e-a33c-479e-162d-69fdc2e584ff,bb4fc9bf-6544-5f02-9ede-69dca4bad805,4c560397-2ff1-d901-c583-69fdc11809af,written,,"ИИ, база",2026-05-08 13:59:58,2026-06-02 12:36:35,OCH_LSH_MSK_UNPK_0607,УНПК,ЛШ очная Москва 06.07-17.07 УНПК,ЛШ 2026 Очно Москва 6.07 - 17.07 (УНПК)
33130e37-0388-f828-5e42-6a2159b69ec5,bb4fc9bf-6544-5f02-9ede-69dca4bad805,4d9f003c-a3d6-184b-bacc-6a2159166ff3,written,,"фм, база",2026-06-04 13:55:59,2026-06-04 13:56:05,OCH_LSH_MSK_UNPK_0607,УНПК,ЛШ очная Москва 06.07-17.07 УНПК,ЛШ 2026 Очно Москва 6.07 - 17.07 (УНПК)
95c255d7-1080-7664-11d7-6a0c4c39493f,bb4fc9bf-6544-5f02-9ede-69dca4bad805,4de0be52-beaa-c2b4-3f4e-6a0c4ceaa37c,written,,ФМ 59500,2026-05-19 14:42:04,2026-05-19 14:42:10,OCH_LSH_MSK_UNPK_0607,УНПК,ЛШ очная Москва 06.07-17.07 УНПК,ЛШ 2026 Очно Москва 6.07 - 17.07 (УНПК)
31c8c28a-efc9-cec2-932f-6a1177bdbacd,bb4fc9bf-6544-5f02-9ede-69dca4bad805,4eccdb37-086e-eeab-6b5f-6a1176522d6d,written,,ФМ база,2026-05-23 12:44:55,2026-05-23 12:45:10,OCH_LSH_MSK_UNPK_0607,УНПК,ЛШ очная Москва 06.07-17.07 УНПК,ЛШ 2026 Очно Москва 6.07 - 17.07 (УНПК)
1f966b05-3e02-17a3-5663-69ef111faab5,bb4fc9bf-6544-5f02-9ede-69dca4bad805,4fc37f3c-4cc3-4cde-c0ad-69a924d91380,written,,фм база,2026-04-27 10:32:27,2026-04-27 10:32:32,OCH_LSH_MSK_UNPK_0607,УНПК,ЛШ очная Москва 06.07-17.07 УНПК,ЛШ 2026 Очно Москва 6.07 - 17.07 (УНПК)
7dff660b-3ba0-3455-942e-6a0adb36def8,bb4fc9bf-6544-5f02-9ede-69dca4bad805,520eaa2e-f800-6cbb-b18b-69f1d4967f00,written,,"фм премиум,  сильная программа нужна, так как изучает матем углубленно",2026-05-18 12:27:54,2026-06-04 13:54:16,OCH_LSH_MSK_UNPK_0607,УНПК,ЛШ очная Москва 06.07-17.07 УНПК,ЛШ 2026 Очно Москва 6.07 - 17.07 (УНПК)
f16b7335-9fea-819d-de2e-6a12c28a3c59,bb4fc9bf-6544-5f02-9ede-69dca4bad805,527edab2-1856-de20-3273-661bbc4bd4c4,written,,ФМ 59500,2026-05-24 12:16:53,2026-05-24 12:17:12,OCH_LSH_MSK_UNPK_0607,УНПК,ЛШ очная Москва 06.07-17.07 УНПК,ЛШ 2026 Очно Москва 6.07 - 17.07 (УНПК)
83000f1c-9e36-4321-a312-6a1e908e5890,bb4fc9bf-6544-5f02-9ede-69dca4bad805,53d407f4-803f-e3a7-9992-6a1e8f0ac130,written,,ИИ 59500,2026-06-02 11:11:00,2026-06-02 11:11:20,OCH_LSH_MSK_UNPK_0607,УНПК,ЛШ очная Москва 06.07-17.07 УНПК,ЛШ 2026 Очно Москва 6.07 - 17.07 (УНПК)
1ce6085d-dc8b-d4b2-dca3-6a1d40c4d947,bb4fc9bf-6544-5f02-9ede-69dca4bad805,541a0a51-7732-556a-0deb-6a155fb6c176,written,,,2026-06-01 11:19:05,2026-06-01 11:19:05,OCH_LSH_MSK_UNPK_0607,УНПК,ЛШ очная Москва 06.07-17.07 УНПК,ЛШ 2026 Очно Москва 6.07 - 17.07 (УНПК)
bb4233ff-9c81-59ca-30ed-6a018e95a95b,bb4fc9bf-6544-5f02-9ede-69dca4bad805,549367c1-ca6e-2fc9-ca4d-6a018eaa7c80,written,,фм премиум 10,2026-05-11 11:09:08,2026-05-18 12:22:31,OCH_LSH_MSK_UNPK_0607,УНПК,ЛШ очная Москва 06.07-17.07 УНПК,ЛШ 2026 Очно Москва 6.07 - 17.07 (УНПК)
e3406388-7861-2881-4951-6a043a1651fc,bb4fc9bf-6544-5f02-9ede-69dca4bad805,550adf0f-4e5f-215e-9581-6a0439e4ea92,written,,ФМ 99500,2026-05-13 11:45:24,2026-05-13 11:45:30,OCH_LSH_MSK_UNPK_0607,УНПК,ЛШ очная Москва 06.07-17.07 УНПК,ЛШ 2026 Очно Москва 6.07 - 17.07 (УНПК)
45fe68f1-d2ba-4f57-57ae-6a103851b9e6,bb4fc9bf-6544-5f02-9ede-69dca4bad805,55de3e26-8a2e-eaa2-12c5-6a1038a3a78a,written,,Фм 59500,2026-05-22 14:05:04,2026-05-22 14:05:31,OCH_LSH_MSK_UNPK_0607,УНПК,ЛШ очная Москва 06.07-17.07 УНПК,ЛШ 2026 Очно Москва 6.07 - 17.07 (УНПК)
651dd6a7-f50c-c284-2c54-6a0adb39cf86,bb4fc9bf-6544-5f02-9ede-69dca4bad805,5c465d13-b3dd-3da1-b533-69f1e432c9df,written,,фм база,2026-05-18 12:29:04,2026-05-28 16:31:33,OCH_LSH_MSK_UNPK_0607,УНПК,ЛШ очная Москва 06.07-17.07 УНПК,ЛШ 2026 Очно Москва 6.07 - 17.07 (УНПК)
a47eb2fe-3273-dc22-c296-6a218bcaf7db,bb4fc9bf-6544-5f02-9ede-69dca4bad805,5e4cb816-d256-f7a3-4ab4-6a1d55aae619,written,,,2026-06-04 17:29:44,2026-06-04 17:29:44,OCH_LSH_MSK_UNPK_0607,УНПК,ЛШ очная Москва 06.07-17.07 УНПК,ЛШ 2026 Очно Москва 6.07 - 17.07 (УНПК)
e62b46f4-2647-b6de-ca1a-6a22821f56e0,bb4fc9bf-6544-5f02-9ede-69dca4bad805,5f5da594-1ce6-9a93-e1ad-63bfb64a2461,written,,ИИ база,2026-06-05 11:01:06,2026-06-05 11:01:11,OCH_LSH_MSK_UNPK_0607,УНПК,ЛШ очная Москва 06.07-17.07 УНПК,ЛШ 2026 Очно Москва 6.07 - 17.07 (УНПК)
15511852-154a-2fe2-502b-69ef10e20dc6,bb4fc9bf-6544-5f02-9ede-69dca4bad805,5f6da9c8-3d5d-975b-bc22-69e87f10a205,written,,фм база,2026-04-27 10:31:56,2026-04-27 10:32:05,OCH_LSH_MSK_UNPK_0607,УНПК,ЛШ очная Москва 06.07-17.07 УНПК,ЛШ 2026 Очно Москва 6.07 - 17.07 (УНПК)
3aebe01b-6d0e-2196-01d2-69fc5a9d65ab,bb4fc9bf-6544-5f02-9ede-69dca4bad805,6083cbd5-a3f6-0fb9-3274-69fb4620a268,written,,ИИ база,2026-05-07 12:23:29,2026-05-18 12:25:53,OCH_LSH_MSK_UNPK_0607,УНПК,ЛШ очная Москва 06.07-17.07 УНПК,ЛШ 2026 Очно Москва 6.07 - 17.07 (УНПК)
47ed018d-6b54-659f-0ab8-69e73ed81f51,bb4fc9bf-6544-5f02-9ede-69dca4bad805,61107d2f-2299-a79f-87a3-69e23cb8155f,written,,фм премиум,2026-04-21 12:06:18,2026-04-21 12:16:31,OCH_LSH_MSK_UNPK_0607,УНПК,ЛШ очная Москва 06.07-17.07 УНПК,ЛШ 2026 Очно Москва 6.07 - 17.07 (УНПК)
603739a8-0b67-0650-6437-6a1585812e18,bb4fc9bf-6544-5f02-9ede-69dca4bad805,61e72c1d-6c98-68dc-e28e-6a15846468ea,written,,ФМ 59500,2026-05-26 14:33:45,2026-05-26 14:33:50,OCH_LSH_MSK_UNPK_0607,УНПК,ЛШ очная Москва 06.07-17.07 УНПК,ЛШ 2026 Очно Москва 6.07 - 17.07 (УНПК)
3f9c601e-59b8-bd82-6b2e-6a0adbb192ff,bb4fc9bf-6544-5f02-9ede-69dca4bad805,630b5e38-fc30-d252-6a67-69f84e1aae04,written,,фм база,2026-05-18 12:27:25,2026-05-18 12:27:29,OCH_LSH_MSK_UNPK_0607,УНПК,ЛШ очная Москва 06.07-17.07 УНПК,ЛШ 2026 Очно Москва 6.07 - 17.07 (УНПК)
598e020b-7bed-4026-e835-6a12eb0b37d1,bb4fc9bf-6544-5f02-9ede-69dca4bad805,63f99a1f-a6dd-0df4-d4b4-6a12eb584428,written,,ФМ 59500,2026-05-24 15:13:54,2026-05-24 15:14:00,OCH_LSH_MSK_UNPK_0607,УНПК,ЛШ очная Москва 06.07-17.07 УНПК,ЛШ 2026 Очно Москва 6.07 - 17.07 (УНПК)
89c2a29e-9cff-be91-cf39-6a1c3a9f2c29,bb4fc9bf-6544-5f02-9ede-69dca4bad805,662c563a-8558-41c0-89ae-6a1c3895a191,written,,ФМ 59500,2026-05-31 16:40:16,2026-05-31 16:40:22,OCH_LSH_MSK_UNPK_0607,УНПК,ЛШ очная Москва 06.07-17.07 УНПК,ЛШ 2026 Очно Москва 6.07 - 17.07 (УНПК)
1d6ea13c-6f68-2c5f-eb6b-69f9ae835036,bb4fc9bf-6544-5f02-9ede-69dca4bad805,667d7dad-fda8-f162-f92f-69f9ae05714b,written,,"фм, премиум 10 59500",2026-05-05 11:47:23,2026-05-05 11:47:32,OCH_LSH_MSK_UNPK_0607,УНПК,ЛШ очная Москва 06.07-17.07 УНПК,ЛШ 2026 Очно Москва 6.07 - 17.07 (УНПК)
5f2d0a35-43db-ccd3-4076-6a140061d91f,bb4fc9bf-6544-5f02-9ede-69dca4bad805,68740930-2abf-b2a2-8c06-6a0ae0ae7001,written,,"физмат, база",2026-05-25 10:56:08,2026-05-25 11:11:38,OCH_LSH_MSK_UNPK_0607,УНПК,ЛШ очная Москва 06.07-17.07 УНПК,ЛШ 2026 Очно Москва 6.07 - 17.07 (УНПК)
79a3db51-292e-707f-f52b-6a14073663e4,bb4fc9bf-6544-5f02-9ede-69dca4bad805,6b396fb4-32ab-df7f-3360-6a1004384fcb,written,,фм премиум,2026-05-25 11:24:57,2026-05-25 11:25:05,OCH_LSH_MSK_UNPK_0607,УНПК,ЛШ очная Москва 06.07-17.07 УНПК,ЛШ 2026 Очно Москва 6.07 - 17.07 (УНПК)
c06e1fa0-dc06-5f93-caae-6a06d9bad547,bb4fc9bf-6544-5f02-9ede-69dca4bad805,6c0eb16f-b696-ccaf-5728-6a06d9e31470,written,,ФМ 59500,2026-05-15 11:30:36,2026-05-15 11:30:44,OCH_LSH_MSK_UNPK_0607,УНПК,ЛШ очная Москва 06.07-17.07 УНПК,ЛШ 2026 Очно Москва 6.07 - 17.07 (УНПК)
11029862-25fe-811b-24ee-6a17f2c3c8f8,bb4fc9bf-6544-5f02-9ede-69dca4bad805,6c205bfb-b311-4baf-4e77-6a17f130cb7f,written,,"ИИ, премиум 10, смогут присутствовать только с 6- 15 июля",2026-05-28 10:45:52,2026-05-28 10:46:18,OCH_LSH_MSK_UNPK_0607,УНПК,ЛШ очная Москва 06.07-17.07 УНПК,ЛШ 2026 Очно Москва 6.07 - 17.07 (УНПК)
d0c8dc1b-8725-17e2-45a5-6a1c60bdc585,bb4fc9bf-6544-5f02-9ede-69dca4bad805,70b391d7-4294-ef0b-c5dd-6a1c5fdaeb5d,written,,ФМ база,2026-05-31 19:24:29,2026-05-31 19:24:34,OCH_LSH_MSK_UNPK_0607,УНПК,ЛШ очная Москва 06.07-17.07 УНПК,ЛШ 2026 Очно Москва 6.07 - 17.07 (УНПК)
185eca35-a08e-6e22-18ba-6a1eaabecb57,bb4fc9bf-6544-5f02-9ede-69dca4bad805,712b71c6-b533-2f53-9ae0-6a1eaabe1a23,written,,ФМ премиум 10,2026-06-02 13:05:43,2026-06-02 13:05:48,OCH_LSH_MSK_UNPK_0607,УНПК,ЛШ очная Москва 06.07-17.07 УНПК,ЛШ 2026 Очно Москва 6.07 - 17.07 (УНПК)
6b83007a-3a5c-9ffa-438b-6a1ac853685b,bb4fc9bf-6544-5f02-9ede-69dca4bad805,7200056c-fe97-7bb7-377d-6a0f168e8da9,written,,"фм, премиум 10",2026-05-30 14:22:05,2026-05-30 14:22:14,OCH_LSH_MSK_UNPK_0607,УНПК,ЛШ очная Москва 06.07-17.07 УНПК,ЛШ 2026 Очно Москва 6.07 - 17.07 (УНПК)
3918e68e-06de-cc8f-20c8-6a086af6d8a1,bb4fc9bf-6544-5f02-9ede-69dca4bad805,738a224a-22da-c336-c0e7-6a086ae45497,written,,"фм, премиум 10",2026-05-16 16:01:23,2026-05-16 16:01:30,OCH_LSH_MSK_UNPK_0607,УНПК,ЛШ очная Москва 06.07-17.07 УНПК,ЛШ 2026 Очно Москва 6.07 - 17.07 (УНПК)
6f7d002c-23f9-9062-594b-6a006a0ec47f,bb4fc9bf-6544-5f02-9ede-69dca4bad805,74a0927f-9a4a-4807-5b40-69ef15b0b2eb,written,,фм 37500,2026-05-10 14:21:35,2026-05-10 14:21:42,OCH_LSH_MSK_UNPK_0607,УНПК,ЛШ очная Москва 06.07-17.07 УНПК,ЛШ 2026 Очно Москва 6.07 - 17.07 (УНПК)
a39382bc-82ce-c30b-6669-6a0304db789d,bb4fc9bf-6544-5f02-9ede-69dca4bad805,76337ee3-b3e0-93e2-e03e-6a0303bdbeb2,written,,ИИ 37500,2026-05-12 13:43:20,2026-05-12 13:43:26,OCH_LSH_MSK_UNPK_0607,УНПК,ЛШ очная Москва 06.07-17.07 УНПК,ЛШ 2026 Очно Москва 6.07 - 17.07 (УНПК)
55696199-005f-4813-bf04-69fb4a9694f2,bb4fc9bf-6544-5f02-9ede-69dca4bad805,76cf0cef-80f2-66b9-030e-61964a0d4839,written,,ИИ 37500,2026-05-06 17:05:08,2026-05-06 17:05:15,OCH_LSH_MSK_UNPK_0607,УНПК,ЛШ очная Москва 06.07-17.07 УНПК,ЛШ 2026 Очно Москва 6.07 - 17.07 (УНПК)
6bb704f9-1a42-69aa-a7c6-69fdf32dd3b2,bb4fc9bf-6544-5f02-9ede-69dca4bad805,77b44d2d-1576-3237-de49-69f9dda729c2,written,,"фм, премиум 10, ждет инф-ю по перерасчету, тк смогут только 1 неделю учится",2026-05-08 17:30:17,2026-05-08 17:30:39,OCH_LSH_MSK_UNPK_0607,УНПК,ЛШ очная Москва 06.07-17.07 УНПК,ЛШ 2026 Очно Москва 6.07 - 17.07 (УНПК)
afab56e1-2987-5c76-c727-6a11bea648c4,bb4fc9bf-6544-5f02-9ede-69dca4bad805,798ead6c-2e11-accc-e2e4-6a11be316694,written,,"фм, база",2026-05-23 17:48:56,2026-05-23 17:49:02,OCH_LSH_MSK_UNPK_0607,УНПК,ЛШ очная Москва 06.07-17.07 УНПК,ЛШ 2026 Очно Москва 6.07 - 17.07 (УНПК)
919979ce-29b2-fc87-0e2e-69edd39fe42b,bb4fc9bf-6544-5f02-9ede-69dca4bad805,7b60b2ec-8e44-2f07-5052-69da4cbe2f97,written,,фм база,2026-04-26 11:56:12,2026-05-18 12:32:10,OCH_LSH_MSK_UNPK_0607,УНПК,ЛШ очная Москва 06.07-17.07 УНПК,ЛШ 2026 Очно Москва 6.07 - 17.07 (УНПК)
66f971ea-eeba-22b1-1d9a-6a180fdeb36b,bb4fc9bf-6544-5f02-9ede-69dca4bad805,7ba62519-1b28-4899-4d9e-6a180edad2ec,written,,"физмат, база",2026-05-28 12:49:38,2026-05-28 12:49:41,OCH_LSH_MSK_UNPK_0607,УНПК,ЛШ очная Москва 06.07-17.07 УНПК,ЛШ 2026 Очно Москва 6.07 - 17.07 (УНПК)
b8cdaea5-8793-81ac-8638-6a108c6c59a9,bb4fc9bf-6544-5f02-9ede-69dca4bad805,7bdc94e0-9442-fcec-438f-6a108c76be8a,written,,Фм + проект ИИ,2026-05-22 20:04:13,2026-05-22 20:04:25,OCH_LSH_MSK_UNPK_0607,УНПК,ЛШ очная Москва 06.07-17.07 УНПК,ЛШ 2026 Очно Москва 6.07 - 17.07 (УНПК)
1dc039f3-a409-d487-6ccf-6a229b8acfb9,bb4fc9bf-6544-5f02-9ede-69dca4bad805,7d499188-43e7-71b1-8517-6a229ae5192b,written,,ФМ база,2026-06-05 12:50:44,2026-06-05 12:51:01,OCH_LSH_MSK_UNPK_0607,УНПК,ЛШ очная Москва 06.07-17.07 УНПК,ЛШ 2026 Очно Москва 6.07 - 17.07 (УНПК)
323152da-a5f1-8bf7-2c8a-6a143d3a9840,bb4fc9bf-6544-5f02-9ede-69dca4bad805,80d75fc8-e07d-d666-8124-6a143d3f56a7,written,,"физмат, база",2026-05-25 15:16:55,2026-05-25 15:17:23,OCH_LSH_MSK_UNPK_0607,УНПК,ЛШ очная Москва 06.07-17.07 УНПК,ЛШ 2026 Очно Москва 6.07 - 17.07 (УНПК)
288b34db-128a-15fa-4ee0-6a132dd68d63,bb4fc9bf-6544-5f02-9ede-69dca4bad805,80f974d4-44da-d810-a93d-6a132c8c57fe,written,,Фм база,2026-05-24 19:54:18,2026-05-24 19:54:23,OCH_LSH_MSK_UNPK_0607,УНПК,ЛШ очная Москва 06.07-17.07 УНПК,ЛШ 2026 Очно Москва 6.07 - 17.07 (УНПК)
b3e8bc46-9eea-5929-417b-6a12ea9746c0,bb4fc9bf-6544-5f02-9ede-69dca4bad805,8120a4dd-1f04-66bd-d469-6a12e938e1b6,written,,Фм+индив 99500,2026-05-24 15:07:42,2026-05-24 15:07:57,OCH_LSH_MSK_UNPK_0607,УНПК,ЛШ очная Москва 06.07-17.07 УНПК,ЛШ 2026 Очно Москва 6.07 - 17.07 (УНПК)
3c781a8c-9c6a-cc26-b7e0-6a1056c2b36b,bb4fc9bf-6544-5f02-9ede-69dca4bad805,834c6ed7-2c84-5c75-b3c8-68a3028bdec4,written,,ФМ 59500,2026-05-22 16:13:45,2026-05-22 16:13:50,OCH_LSH_MSK_UNPK_0607,УНПК,ЛШ очная Москва 06.07-17.07 УНПК,ЛШ 2026 Очно Москва 6.07 - 17.07 (УНПК)
30f6eecb-7d9b-ef64-d814-6a104ade00d2,bb4fc9bf-6544-5f02-9ede-69dca4bad805,836b8a1b-dd30-1f66-a298-6862868b87ca,written,,"ИИ+индивидуалка по ФМ, 99500",2026-05-22 15:21:34,2026-05-22 15:32:18,OCH_LSH_MSK_UNPK_0607,УНПК,ЛШ очная Москва 06.07-17.07 УНПК,ЛШ 2026 Очно Москва 6.07 - 17.07 (УНПК)
3785a744-4098-4f11-50bd-6a043fcf53d2,bb4fc9bf-6544-5f02-9ede-69dca4bad805,853c58d6-c970-8ab9-fe4d-6a043eeb664f,written,,физмат премиум 10,2026-05-13 12:07:07,2026-05-13 12:31:16,OCH_LSH_MSK_UNPK_0607,УНПК,ЛШ очная Москва 06.07-17.07 УНПК,ЛШ 2026 Очно Москва 6.07 - 17.07 (УНПК)
bf9502f5-9600-a441-777a-6a11cfea46e8,bb4fc9bf-6544-5f02-9ede-69dca4bad805,85b0e0db-66d5-31c2-ed92-6a11cf7a13a7,written,,ФМ 59500,2026-05-23 19:01:29,2026-05-23 19:01:34,OCH_LSH_MSK_UNPK_0607,УНПК,ЛШ очная Москва 06.07-17.07 УНПК,ЛШ 2026 Очно Москва 6.07 - 17.07 (УНПК)
9e55452f-1fc0-17fc-e44c-6a0ef430adc6,bb4fc9bf-6544-5f02-9ede-69dca4bad805,86c90d4f-ae76-abac-451c-6a0c31850f86,written,,ФМ база,2026-05-21 15:03:23,2026-05-21 15:03:30,OCH_LSH_MSK_UNPK_0607,УНПК,ЛШ очная Москва 06.07-17.07 УНПК,ЛШ 2026 Очно Москва 6.07 - 17.07 (УНПК)
1d3bdd13-8f28-97d3-a60f-69fc8d804f5c,bb4fc9bf-6544-5f02-9ede-69dca4bad805,87e6807a-2a68-5053-632d-69fc8de14151,written,,ИИ 59500,2026-05-07 16:02:41,2026-05-07 16:02:51,OCH_LSH_MSK_UNPK_0607,УНПК,ЛШ очная Москва 06.07-17.07 УНПК,ЛШ 2026 Очно Москва 6.07 - 17.07 (УНПК)
24618426-9697-96f3-09df-6a01c6500348,bb4fc9bf-6544-5f02-9ede-69dca4bad805,883ad287-69ac-dfe6-eb22-6a01bf2ea286,written,,фм 37500,2026-05-11 15:08:27,2026-05-11 15:08:32,OCH_LSH_MSK_UNPK_0607,УНПК,ЛШ очная Москва 06.07-17.07 УНПК,ЛШ 2026 Очно Москва 6.07 - 17.07 (УНПК)
9692afe9-6a96-217b-1efb-6a1156b50e14,bb4fc9bf-6544-5f02-9ede-69dca4bad805,8d5cb86c-f2f0-691f-58c7-6a1156fdb36f,written,,ФМ 59500,2026-05-23 10:26:00,2026-05-23 10:26:06,OCH_LSH_MSK_UNPK_0607,УНПК,ЛШ очная Москва 06.07-17.07 УНПК,ЛШ 2026 Очно Москва 6.07 - 17.07 (УНПК)
6b4e537d-0af9-00f8-ada8-6a216a661cb7,bb4fc9bf-6544-5f02-9ede-69dca4bad805,8e4518e7-1546-d038-99ad-6a216a77953d,written,,ФМ база,2026-06-04 15:08:30,2026-06-04 15:08:34,OCH_LSH_MSK_UNPK_0607,УНПК,ЛШ очная Москва 06.07-17.07 УНПК,ЛШ 2026 Очно Москва 6.07 - 17.07 (УНПК)
cdb851f2-dc19-ae7c-7199-6a16abbcb9f2,bb4fc9bf-6544-5f02-9ede-69dca4bad805,902cf56d-4e7f-3547-f12c-6a16abaf3cd8,written,,ФМ база,2026-05-27 11:31:53,2026-05-27 11:32:05,OCH_LSH_MSK_UNPK_0607,УНПК,ЛШ очная Москва 06.07-17.07 УНПК,ЛШ 2026 Очно Москва 6.07 - 17.07 (УНПК)
cd24efb2-8df0-caeb-cf70-69f9b28a9d40,bb4fc9bf-6544-5f02-9ede-69dca4bad805,91bc6bdb-6c4d-c4a5-b672-69f9b26379ec,written,,премиум,2026-05-05 12:04:50,2026-05-18 12:21:57,OCH_LSH_MSK_UNPK_0607,УНПК,ЛШ очная Москва 06.07-17.07 УНПК,ЛШ 2026 Очно Москва 6.07 - 17.07 (УНПК)
f0cf8e88-740f-875c-2c9e-6a16ad51161c,bb4fc9bf-6544-5f02-9ede-69dca4bad805,923c8388-feb5-92c9-3277-6a16ab65a880,written,,"ИИ, база",2026-05-27 11:36:23,2026-05-27 11:36:32,OCH_LSH_MSK_UNPK_0607,УНПК,ЛШ очная Москва 06.07-17.07 УНПК,ЛШ 2026 Очно Москва 6.07 - 17.07 (УНПК)
e1c7d799-7464-da73-815b-6a1d40cea1ba,bb4fc9bf-6544-5f02-9ede-69dca4bad805,92ef27d0-5c7b-bf7e-a783-6a1946374a72,written,,,2026-06-01 11:20:54,2026-06-01 11:20:54,OCH_LSH_MSK_UNPK_0607,УНПК,ЛШ очная Москва 06.07-17.07 УНПК,ЛШ 2026 Очно Москва 6.07 - 17.07 (УНПК)
f3fb1628-1e17-f8c7-92a0-6a15911bc15a,bb4fc9bf-6544-5f02-9ede-69dca4bad805,9325567e-f7d8-e2a1-4637-6a158f7f7d5f,written,,"физмат программа 5кл, премиум 10 (ИНДИВИД утром ФИЗМАТ)",2026-05-26 15:26:51,2026-05-26 15:27:13,OCH_LSH_MSK_UNPK_0607,УНПК,ЛШ очная Москва 06.07-17.07 УНПК,ЛШ 2026 Очно Москва 6.07 - 17.07 (УНПК)
68b23895-c8b0-df6b-6062-6a1805163a7d,bb4fc9bf-6544-5f02-9ede-69dca4bad805,94920b14-0f01-a865-de8a-6a18041d27fd,written,,"физмат, база",2026-05-28 12:07:31,2026-05-28 12:07:39,OCH_LSH_MSK_UNPK_0607,УНПК,ЛШ очная Москва 06.07-17.07 УНПК,ЛШ 2026 Очно Москва 6.07 - 17.07 (УНПК)
df8c71ef-9bba-1d56-8019-6a043392352f,bb4fc9bf-6544-5f02-9ede-69dca4bad805,957bdf4d-ad30-33f3-f88a-6a0430469cf7,written,,"ИИ 99500, просит связаться для уточнения по вопросу ПО, ближе к началу смены, желательно, чтобы позвонил преподаватель",2026-05-13 11:18:12,2026-05-18 11:59:44,OCH_LSH_MSK_UNPK_0607,УНПК,ЛШ очная Москва 06.07-17.07 УНПК,ЛШ 2026 Очно Москва 6.07 - 17.07 (УНПК)
b6664980-0f72-0b8a-fe42-6a0adbd43140,bb4fc9bf-6544-5f02-9ede-69dca4bad805,958ca002-e7eb-a660-f09a-6a04357e6fc6,written,,фм премиум,2026-05-18 12:29:22,2026-05-18 12:29:28,OCH_LSH_MSK_UNPK_0607,УНПК,ЛШ очная Москва 06.07-17.07 УНПК,ЛШ 2026 Очно Москва 6.07 - 17.07 (УНПК)
7d7251bf-ae2e-014a-951a-6a102c9c351e,bb4fc9bf-6544-5f02-9ede-69dca4bad805,9635ea82-ae72-f47a-c4c2-6a102c040649,written,,ИИ 59500,2026-05-22 13:14:26,2026-05-22 13:14:32,OCH_LSH_MSK_UNPK_0607,УНПК,ЛШ очная Москва 06.07-17.07 УНПК,ЛШ 2026 Очно Москва 6.07 - 17.07 (УНПК)
1ea4e946-965f-8c6c-5ca8-6a198d6255c8,bb4fc9bf-6544-5f02-9ede-69dca4bad805,965debd8-8782-302a-db5c-69997620db1a,written,,"фм, премиум 10",2026-05-29 16:00:03,2026-05-29 16:00:10,OCH_LSH_MSK_UNPK_0607,УНПК,ЛШ очная Москва 06.07-17.07 УНПК,ЛШ 2026 Очно Москва 6.07 - 17.07 (УНПК)
c976c55b-d9fd-30c4-2ee5-6a0af3bf68f1,bb4fc9bf-6544-5f02-9ede-69dca4bad805,96cb3c91-1f2a-0fab-2bff-66927681cce6,written,,ФМ база,2026-05-18 14:09:45,2026-05-18 14:09:51,OCH_LSH_MSK_UNPK_0607,УНПК,ЛШ очная Москва 06.07-17.07 УНПК,ЛШ 2026 Очно Москва 6.07 - 17.07 (УНПК)
f81b04df-7c11-c55a-eadb-6a0adc74ad74,bb4fc9bf-6544-5f02-9ede-69dca4bad805,9893ff74-9a24-0d22-a084-69fb4aa26a9f,written,,фм база,2026-05-18 12:30:41,2026-05-18 12:30:48,OCH_LSH_MSK_UNPK_0607,УНПК,ЛШ очная Москва 06.07-17.07 УНПК,ЛШ 2026 Очно Москва 6.07 - 17.07 (УНПК)
a07c7882-3620-b776-924d-6a18082c9380,bb4fc9bf-6544-5f02-9ede-69dca4bad805,9a942ac9-fc0e-ea65-9632-6a1802ecc1d2,written,,ФМ 59500,2026-05-28 12:17:00,2026-05-28 12:17:09,OCH_LSH_MSK_UNPK_0607,УНПК,ЛШ очная Москва 06.07-17.07 УНПК,ЛШ 2026 Очно Москва 6.07 - 17.07 (УНПК)
ad340120-aff5-776f-52e0-6a0acb31ea91,bb4fc9bf-6544-5f02-9ede-69dca4bad805,9d9c68b3-25f4-3a5c-943d-6a02ccebe1b7,written,,"Ии, премиум 10+ индивид, хотят на индивид занятиях проект по ИИ какой-нибудь сделать)
ребенок подк к обучению с 8.05,, просят им выслать раньше тестирование",2026-05-18 11:18:52,2026-05-27 12:20:30,OCH_LSH_MSK_UNPK_0607,УНПК,ЛШ очная Москва 06.07-17.07 УНПК,ЛШ 2026 Очно Москва 6.07 - 17.07 (УНПК)
56d6fc53-4707-2a26-5159-6a21379ee50f,bb4fc9bf-6544-5f02-9ede-69dca4bad805,9de20574-4665-9137-a13a-6a169e360894,written,,фм база,2026-06-04 11:27:48,2026-06-04 11:27:57,OCH_LSH_MSK_UNPK_0607,УНПК,ЛШ очная Москва 06.07-17.07 УНПК,ЛШ 2026 Очно Москва 6.07 - 17.07 (УНПК)
151a9fef-d474-7f41-528c-6a2270c54701,bb4fc9bf-6544-5f02-9ede-69dca4bad805,9e323f63-19e3-f330-dbad-6a2270594af1,written,,думают базовый  фм,2026-06-05 09:47:06,2026-06-05 09:47:15,OCH_LSH_MSK_UNPK_0607,УНПК,ЛШ очная Москва 06.07-17.07 УНПК,ЛШ 2026 Очно Москва 6.07 - 17.07 (УНПК)
73312f79-ba3c-9f7f-9fdb-6a0adcc29c16,bb4fc9bf-6544-5f02-9ede-69dca4bad805,9f592768-44a7-3ea0-4791-6a01d599baef,written,,фм база,2026-05-18 12:29:37,2026-05-18 12:29:42,OCH_LSH_MSK_UNPK_0607,УНПК,ЛШ очная Москва 06.07-17.07 УНПК,ЛШ 2026 Очно Москва 6.07 - 17.07 (УНПК)
10e6b65a-762b-167a-9e47-6a218ca1e660,bb4fc9bf-6544-5f02-9ede-69dca4bad805,9fbd742a-ce9a-e7bc-549b-6a218b3b7174,written,,"физмат, база",2026-06-04 17:31:44,2026-06-04 17:31:54,OCH_LSH_MSK_UNPK_0607,УНПК,ЛШ очная Москва 06.07-17.07 УНПК,ЛШ 2026 Очно Москва 6.07 - 17.07 (УНПК)
177919ce-ac5e-d068-61c0-6a02da25749b,bb4fc9bf-6544-5f02-9ede-69dca4bad805,a21df0f2-d0e8-b5ba-b00f-6a02da5ed7d6,written,,фм база,2026-05-12 10:46:13,2026-05-12 10:46:19,OCH_LSH_MSK_UNPK_0607,УНПК,ЛШ очная Москва 06.07-17.07 УНПК,ЛШ 2026 Очно Москва 6.07 - 17.07 (УНПК)
753150d0-a520-35ce-d2a4-69f9a911772b,bb4fc9bf-6544-5f02-9ede-69dca4bad805,a29a4027-01e3-d9aa-d930-69f9a8b25085,written,,ФМ 59500,2026-05-05 11:23:59,2026-05-05 11:24:09,OCH_LSH_MSK_UNPK_0607,УНПК,ЛШ очная Москва 06.07-17.07 УНПК,ЛШ 2026 Очно Москва 6.07 - 17.07 (УНПК)
eb96635a-7b9b-2213-a6e5-69f868bdca86,bb4fc9bf-6544-5f02-9ede-69dca4bad805,a2c876d3-d635-9ba9-2775-6615007d5e8b,written,,ИИ 37500,2026-05-04 12:37:28,2026-05-05 12:37:39,OCH_LSH_MSK_UNPK_0607,УНПК,ЛШ очная Москва 06.07-17.07 УНПК,ЛШ 2026 Очно Москва 6.07 - 17.07 (УНПК)
702bfb3a-0517-0ac4-afd8-6a0adb599049,bb4fc9bf-6544-5f02-9ede-69dca4bad805,a3eb036c-8085-41d5-3882-69f0575a1415,written,,ии премиум,2026-05-18 12:26:41,2026-05-18 12:26:51,OCH_LSH_MSK_UNPK_0607,УНПК,ЛШ очная Москва 06.07-17.07 УНПК,ЛШ 2026 Очно Москва 6.07 - 17.07 (УНПК)
f3336a59-c944-66b1-ba10-6a05a03efd5e,bb4fc9bf-6544-5f02-9ede-69dca4bad805,a3f3d504-8230-5b5b-f22d-673217b667dc,written,,ФМ 99500,2026-05-14 13:14:19,2026-05-18 11:59:46,OCH_LSH_MSK_UNPK_0607,УНПК,ЛШ очная Москва 06.07-17.07 УНПК,ЛШ 2026 Очно Москва 6.07 - 17.07 (УНПК)
cad80579-bccb-a854-a68d-69e9ee70f446,bb4fc9bf-6544-5f02-9ede-69dca4bad805,a4b75dc4-0546-2873-c7d7-69e9eec7de80,written,,премиум фм 59500,2026-04-23 13:04:56,2026-04-23 13:05:10,OCH_LSH_MSK_UNPK_0607,УНПК,ЛШ очная Москва 06.07-17.07 УНПК,ЛШ 2026 Очно Москва 6.07 - 17.07 (УНПК)
4e6f29e5-5ebf-9547-b4e4-6a04277a53b1,bb4fc9bf-6544-5f02-9ede-69dca4bad805,a5a22087-903d-f65a-2fbe-6a0427c7c0ea,written,,ИИ премиум,2026-05-13 10:24:35,2026-05-18 12:22:52,OCH_LSH_MSK_UNPK_0607,УНПК,ЛШ очная Москва 06.07-17.07 УНПК,ЛШ 2026 Очно Москва 6.07 - 17.07 (УНПК)
6fea733d-cf84-69c7-56a1-69f9fc183b97,bb4fc9bf-6544-5f02-9ede-69dca4bad805,a67c0840-fd4c-ff49-c934-69f9fc903d36,written,,ФМ 59500,2026-05-05 17:20:42,2026-05-05 17:20:51,OCH_LSH_MSK_UNPK_0607,УНПК,ЛШ очная Москва 06.07-17.07 УНПК,ЛШ 2026 Очно Москва 6.07 - 17.07 (УНПК)
82e44001-dff4-97cb-cad3-6a1814dcdbc1,bb4fc9bf-6544-5f02-9ede-69dca4bad805,a745b7f6-037d-eaaf-54b4-6a05cb36ddd1,written,,,2026-05-28 13:08:38,2026-05-28 13:08:38,OCH_LSH_MSK_UNPK_0607,УНПК,ЛШ очная Москва 06.07-17.07 УНПК,ЛШ 2026 Очно Москва 6.07 - 17.07 (УНПК)
e0291cf2-291c-136a-220e-6a1e992d4211,bb4fc9bf-6544-5f02-9ede-69dca4bad805,abaaba4a-b7ac-d416-369c-6a1e94e9ec28,written,,ФМ база 39500,2026-06-02 11:50:36,2026-06-02 11:50:48,OCH_LSH_MSK_UNPK_0607,УНПК,ЛШ очная Москва 06.07-17.07 УНПК,ЛШ 2026 Очно Москва 6.07 - 17.07 (УНПК)
11608adc-0268-8019-7272-6a0721f261e0,bb4fc9bf-6544-5f02-9ede-69dca4bad805,ae87999a-06fa-d3ef-685f-6a07219048db,written,,"фм, база",2026-05-15 16:36:47,2026-05-15 16:36:54,OCH_LSH_MSK_UNPK_0607,УНПК,ЛШ очная Москва 06.07-17.07 УНПК,ЛШ 2026 Очно Москва 6.07 - 17.07 (УНПК)
8022dba8-4748-f21d-f388-6a01b7f3c519,bb4fc9bf-6544-5f02-9ede-69dca4bad805,af6cd40c-2cf0-cd30-7c02-69f75ab347fe,written,,фм 59500,2026-05-11 14:03:13,2026-05-11 14:03:28,OCH_LSH_MSK_UNPK_0607,УНПК,ЛШ очная Москва 06.07-17.07 УНПК,ЛШ 2026 Очно Москва 6.07 - 17.07 (УНПК)
6f368ba5-c1b8-dd43-86a6-6a1876a12c8c,bb4fc9bf-6544-5f02-9ede-69dca4bad805,b494a4d5-380d-84e8-2d2c-6a1875cee180,written,,"фм, база",2026-05-28 20:06:30,2026-05-28 20:06:36,OCH_LSH_MSK_UNPK_0607,УНПК,ЛШ очная Москва 06.07-17.07 УНПК,ЛШ 2026 Очно Москва 6.07 - 17.07 (УНПК)
29b52234-a7a8-7ad2-a8c4-69fb1e4cf65c,bb4fc9bf-6544-5f02-9ede-69dca4bad805,b49695a2-e0a2-0b7e-f7c4-69d4cf2569fe,written,,фм 59500,2026-05-06 13:57:44,2026-05-06 13:57:50,OCH_LSH_MSK_UNPK_0607,УНПК,ЛШ очная Москва 06.07-17.07 УНПК,ЛШ 2026 Очно Москва 6.07 - 17.07 (УНПК)
56bdcde6-d6ef-876e-f900-6a16fc9b0db1,bb4fc9bf-6544-5f02-9ede-69dca4bad805,b5001b5a-14fa-075c-db64-6a16fb105da2,written,,"Фм, база",2026-05-27 17:13:54,2026-05-27 17:14:15,OCH_LSH_MSK_UNPK_0607,УНПК,ЛШ очная Москва 06.07-17.07 УНПК,ЛШ 2026 Очно Москва 6.07 - 17.07 (УНПК)
17754c71-6fd5-e352-b3bd-6a0adce47ae4,bb4fc9bf-6544-5f02-9ede-69dca4bad805,b81b7aa5-1d51-6b15-062f-69f3408c284b,written,,ИИ,2026-05-18 12:30:08,2026-05-18 12:30:14,OCH_LSH_MSK_UNPK_0607,УНПК,ЛШ очная Москва 06.07-17.07 УНПК,ЛШ 2026 Очно Москва 6.07 - 17.07 (УНПК)
26181090-05db-b9de-2e9a-6a0c02f849d8,bb4fc9bf-6544-5f02-9ede-69dca4bad805,b90dfd2d-0f8b-24ae-cede-6a0c02a7a770,written,,ФМ 59500,2026-05-19 09:26:21,2026-05-19 19:17:02,OCH_LSH_MSK_UNPK_0607,УНПК,ЛШ очная Москва 06.07-17.07 УНПК,ЛШ 2026 Очно Москва 6.07 - 17.07 (УНПК)
95513268-b3dc-6716-d607-6a1451fad2bc,bb4fc9bf-6544-5f02-9ede-69dca4bad805,bb2c31c9-71b8-2ad8-10ba-6a14518f233c,written,,,2026-05-25 16:39:49,2026-05-25 16:39:49,OCH_LSH_MSK_UNPK_0607,УНПК,ЛШ очная Москва 06.07-17.07 УНПК,ЛШ 2026 Очно Москва 6.07 - 17.07 (УНПК)
da97c061-de24-f4ae-eaa4-6a1c601980ff,bb4fc9bf-6544-5f02-9ede-69dca4bad805,bc79cd63-6245-0a98-9a54-6a1c5fd74e08,written,,ФМ база,2026-05-31 19:24:50,2026-05-31 19:24:55,OCH_LSH_MSK_UNPK_0607,УНПК,ЛШ очная Москва 06.07-17.07 УНПК,ЛШ 2026 Очно Москва 6.07 - 17.07 (УНПК)
9dbe1ff7-e31b-2a50-19de-6a17fff05aaa,bb4fc9bf-6544-5f02-9ede-69dca4bad805,bd60f8f8-82a8-8f26-131a-6a17ff7509d0,written,,"ИИ, премиум 10",2026-05-28 11:40:47,2026-05-28 11:40:50,OCH_LSH_MSK_UNPK_0607,УНПК,ЛШ очная Москва 06.07-17.07 УНПК,ЛШ 2026 Очно Москва 6.07 - 17.07 (УНПК)
91386998-e360-8e84-0c0e-6a16de849750,bb4fc9bf-6544-5f02-9ede-69dca4bad805,be743147-4420-3869-54b0-6a16de78cf13,written,,фм премиум 10,2026-05-27 15:07:44,2026-05-27 15:07:52,OCH_LSH_MSK_UNPK_0607,УНПК,ЛШ очная Москва 06.07-17.07 УНПК,ЛШ 2026 Очно Москва 6.07 - 17.07 (УНПК)
3c58aa25-c28b-8f6d-38c1-6a05dd071985,bb4fc9bf-6544-5f02-9ede-69dca4bad805,bf234336-d06b-c19a-3af6-6a05ddda9223,written,,фм база,2026-05-14 17:36:25,2026-05-14 17:36:29,OCH_LSH_MSK_UNPK_0607,УНПК,ЛШ очная Москва 06.07-17.07 УНПК,ЛШ 2026 Очно Москва 6.07 - 17.07 (УНПК)
24963e6e-12e5-de9d-9563-6a1407d44792,bb4fc9bf-6544-5f02-9ede-69dca4bad805,c0e78c93-250e-5308-c7ae-6a0ee79428af,written,,фм база,2026-05-25 11:23:44,2026-05-25 11:23:50,OCH_LSH_MSK_UNPK_0607,УНПК,ЛШ очная Москва 06.07-17.07 УНПК,ЛШ 2026 Очно Москва 6.07 - 17.07 (УНПК)
45e657d4-d4fb-57f9-55f3-6a1180a42df9,bb4fc9bf-6544-5f02-9ede-69dca4bad805,c309dd0c-f7f0-d0ea-dc8c-6a1180797230,written,,ФМ + проект ИИ 59500,2026-05-23 13:26:00,2026-05-23 13:26:12,OCH_LSH_MSK_UNPK_0607,УНПК,ЛШ очная Москва 06.07-17.07 УНПК,ЛШ 2026 Очно Москва 6.07 - 17.07 (УНПК)
9a8a07cf-66df-1f05-21c7-6a0c97e77181,bb4fc9bf-6544-5f02-9ede-69dca4bad805,c344280d-5378-9632-6ba7-6a0c973df78a,written,,Фм+ проект ии 59500,2026-05-19 20:02:03,2026-05-19 20:02:15,OCH_LSH_MSK_UNPK_0607,УНПК,ЛШ очная Москва 06.07-17.07 УНПК,ЛШ 2026 Очно Москва 6.07 - 17.07 (УНПК)
a382d308-b318-53e5-fbc0-6a196b04d7c5,bb4fc9bf-6544-5f02-9ede-69dca4bad805,c419e745-fd3b-2be2-e788-6a196aac5d53,written,,ФМ база,2026-05-29 13:31:37,2026-05-29 13:31:43,OCH_LSH_MSK_UNPK_0607,УНПК,ЛШ очная Москва 06.07-17.07 УНПК,ЛШ 2026 Очно Москва 6.07 - 17.07 (УНПК)
2280026b-79a3-8f04-0f3f-6a1ffa914735,bb4fc9bf-6544-5f02-9ede-69dca4bad805,c5e10469-f6d6-17a6-1efb-6a1ff9a8a65d,written,,фм премиум 10,2026-06-03 12:57:21,2026-06-03 12:57:30,OCH_LSH_MSK_UNPK_0607,УНПК,ЛШ очная Москва 06.07-17.07 УНПК,ЛШ 2026 Очно Москва 6.07 - 17.07 (УНПК)
7dba8319-8938-2e83-84c7-6a16c530e222,bb4fc9bf-6544-5f02-9ede-69dca4bad805,c60f3360-8467-b1ea-f2d1-6a16c5717a07,written,,физмат. премиум 10,2026-05-27 13:20:45,2026-05-27 13:20:58,OCH_LSH_MSK_UNPK_0607,УНПК,ЛШ очная Москва 06.07-17.07 УНПК,ЛШ 2026 Очно Москва 6.07 - 17.07 (УНПК)
be03b1ab-4247-2c84-738d-6a0f3f7a7b92,bb4fc9bf-6544-5f02-9ede-69dca4bad805,c61963fd-8db1-105c-11ba-6a0f3ebf44ee,written,,премиум+индив,2026-05-21 20:23:26,2026-05-25 11:26:04,OCH_LSH_MSK_UNPK_0607,УНПК,ЛШ очная Москва 06.07-17.07 УНПК,ЛШ 2026 Очно Москва 6.07 - 17.07 (УНПК)
255cccb6-61d2-1e12-3ae1-6a1841b0c4d3,bb4fc9bf-6544-5f02-9ede-69dca4bad805,cd674f7e-32af-1671-b6cd-6a1438be7251,written,,,2026-05-28 16:22:56,2026-05-28 16:22:56,OCH_LSH_MSK_UNPK_0607,УНПК,ЛШ очная Москва 06.07-17.07 УНПК,ЛШ 2026 Очно Москва 6.07 - 17.07 (УНПК)
e4d79d41-5549-864a-7a78-6a180bdb9358,bb4fc9bf-6544-5f02-9ede-69dca4bad805,cf4c070f-4679-ac0f-ce43-6a180bfb16ba,written,,ФМ 59500,2026-05-28 12:33:05,2026-05-28 12:33:13,OCH_LSH_MSK_UNPK_0607,УНПК,ЛШ очная Москва 06.07-17.07 УНПК,ЛШ 2026 Очно Москва 6.07 - 17.07 (УНПК)
b68dc934-9283-40bd-0de5-6a0f3fb48d06,bb4fc9bf-6544-5f02-9ede-69dca4bad805,d0317eee-e48a-77a3-67b9-6a0f3e346a2d,written,,база фм,2026-05-21 20:23:47,2026-05-25 11:27:41,OCH_LSH_MSK_UNPK_0607,УНПК,ЛШ очная Москва 06.07-17.07 УНПК,ЛШ 2026 Очно Москва 6.07 - 17.07 (УНПК)
12744925-a27d-89a9-2b50-6a101393c163,bb4fc9bf-6544-5f02-9ede-69dca4bad805,d08f44cd-5e70-32ff-e6c9-64feefacbb4d,written,,База фм,2026-05-22 11:28:18,2026-05-22 11:28:23,OCH_LSH_MSK_UNPK_0607,УНПК,ЛШ очная Москва 06.07-17.07 УНПК,ЛШ 2026 Очно Москва 6.07 - 17.07 (УНПК)
7a3b9edf-35a8-0cfa-c4de-6a12cf7193ba,bb4fc9bf-6544-5f02-9ede-69dca4bad805,d55ed6d4-a29e-60cc-9c37-6a12cf3851f3,written,,ФМ + проект ИИ 59500,2026-05-24 13:14:11,2026-05-24 13:14:25,OCH_LSH_MSK_UNPK_0607,УНПК,ЛШ очная Москва 06.07-17.07 УНПК,ЛШ 2026 Очно Москва 6.07 - 17.07 (УНПК)
1e08e777-298f-b757-5d52-6a1d41409c08,bb4fc9bf-6544-5f02-9ede-69dca4bad805,d675acb2-1827-52fb-24b6-6a17dd6caec3,written,,,2026-06-01 11:21:30,2026-06-01 11:21:30,OCH_LSH_MSK_UNPK_0607,УНПК,ЛШ очная Москва 06.07-17.07 УНПК,ЛШ 2026 Очно Москва 6.07 - 17.07 (УНПК)
cac41e78-3e93-4afe-bc48-6a19a9bc3bf9,bb4fc9bf-6544-5f02-9ede-69dca4bad805,d6d84d14-d636-05cb-17e1-6842ea72769c,written,,ФМ прем 10,2026-05-29 17:56:48,2026-05-29 17:56:54,OCH_LSH_MSK_UNPK_0607,УНПК,ЛШ очная Москва 06.07-17.07 УНПК,ЛШ 2026 Очно Москва 6.07 - 17.07 (УНПК)
973de457-cfc8-b1b6-8dd5-6a05ba5daacd,bb4fc9bf-6544-5f02-9ede-69dca4bad805,d6e1a247-cf62-42e5-c672-69f89695978e,written,,"физмат, премиум 10",2026-05-14 15:04:00,2026-05-18 12:22:37,OCH_LSH_MSK_UNPK_0607,УНПК,ЛШ очная Москва 06.07-17.07 УНПК,ЛШ 2026 Очно Москва 6.07 - 17.07 (УНПК)
ce24080a-29ab-c9a0-3079-6a16d3275865,bb4fc9bf-6544-5f02-9ede-69dca4bad805,d6f2243d-28c1-3a25-de53-6a16d255d45c,written,,"физмат, премиум 10, оплата мат.капиталом",2026-05-27 14:19:08,2026-05-27 14:19:27,OCH_LSH_MSK_UNPK_0607,УНПК,ЛШ очная Москва 06.07-17.07 УНПК,ЛШ 2026 Очно Москва 6.07 - 17.07 (УНПК)
5699741c-7ccc-833a-357f-69e73e00c0b0,bb4fc9bf-6544-5f02-9ede-69dca4bad805,d779ab42-c91b-23df-87bc-69df39b940f6,written,,фм премиум,2026-04-21 12:06:40,2026-04-21 12:16:24,OCH_LSH_MSK_UNPK_0607,УНПК,ЛШ очная Москва 06.07-17.07 УНПК,ЛШ 2026 Очно Москва 6.07 - 17.07 (УНПК)
b90f49b1-2ba2-5c3e-a15c-6a01a1c08416,bb4fc9bf-6544-5f02-9ede-69dca4bad805,d8710d94-104f-6778-0d2c-69fc55406deb,written,,ИИ 59500,2026-05-11 12:30:52,2026-05-11 12:31:01,OCH_LSH_MSK_UNPK_0607,УНПК,ЛШ очная Москва 06.07-17.07 УНПК,ЛШ 2026 Очно Москва 6.07 - 17.07 (УНПК)
9e87ffbb-fbd9-bef0-fe44-69e1dde17605,bb4fc9bf-6544-5f02-9ede-69dca4bad805,d903f7e0-eed8-b409-af9b-69db862e3c6a,written,,ИИ премиум,2026-04-17 10:13:51,2026-04-27 10:34:54,OCH_LSH_MSK_UNPK_0607,УНПК,ЛШ очная Москва 06.07-17.07 УНПК,ЛШ 2026 Очно Москва 6.07 - 17.07 (УНПК)
221bf4a9-b532-8fd9-3c11-6a102facea72,bb4fc9bf-6544-5f02-9ede-69dca4bad805,db252353-96b1-5eeb-bad9-6a102ff9ee84,written,,ФМ 59500,2026-05-22 13:28:15,2026-05-22 13:28:20,OCH_LSH_MSK_UNPK_0607,УНПК,ЛШ очная Москва 06.07-17.07 УНПК,ЛШ 2026 Очно Москва 6.07 - 17.07 (УНПК)
17bf218c-ed91-e155-7916-69fc9c7d014c,bb4fc9bf-6544-5f02-9ede-69dca4bad805,db8dbb2a-b5f5-4b28-4b9d-662e18443bf8,written,,фм 59500,2026-05-07 17:04:56,2026-05-07 17:05:44,OCH_LSH_MSK_UNPK_0607,УНПК,ЛШ очная Москва 06.07-17.07 УНПК,ЛШ 2026 Очно Москва 6.07 - 17.07 (УНПК)
5d5bf850-8d75-c7c3-0a74-69fdc23d56e1,bb4fc9bf-6544-5f02-9ede-69dca4bad805,dc45acfd-7cce-2988-0236-69fdc21b5685,written,,"ИИ, база",2026-05-08 14:00:23,2026-06-02 12:36:28,OCH_LSH_MSK_UNPK_0607,УНПК,ЛШ очная Москва 06.07-17.07 УНПК,ЛШ 2026 Очно Москва 6.07 - 17.07 (УНПК)
4e9ab65e-50d0-2367-a445-69e75bf05455,bb4fc9bf-6544-5f02-9ede-69dca4bad805,de4564bc-3a1d-6df3-f34d-68342d5fcf64,written,,фм премиум 10,2026-04-21 14:13:32,2026-05-18 11:57:33,OCH_LSH_MSK_UNPK_0607,УНПК,ЛШ очная Москва 06.07-17.07 УНПК,ЛШ 2026 Очно Москва 6.07 - 17.07 (УНПК)
e7b7753e-084b-999e-7e7d-6a08816a74cd,bb4fc9bf-6544-5f02-9ede-69dca4bad805,e02204e1-cc93-1c4d-9fe7-6a087f850738,written,,ФМ база,2026-05-16 17:37:00,2026-05-16 17:37:07,OCH_LSH_MSK_UNPK_0607,УНПК,ЛШ очная Москва 06.07-17.07 УНПК,ЛШ 2026 Очно Москва 6.07 - 17.07 (УНПК)
5a011cfc-5dd7-c433-2e3a-6a0576063555,bb4fc9bf-6544-5f02-9ede-69dca4bad805,e0654998-71c3-6f58-9b44-69b7b884538c,written,,ФМ 37500,2026-05-14 10:17:01,2026-05-14 10:17:25,OCH_LSH_MSK_UNPK_0607,УНПК,ЛШ очная Москва 06.07-17.07 УНПК,ЛШ 2026 Очно Москва 6.07 - 17.07 (УНПК)
b57c82a5-422d-1d82-1b9e-6a183401a995,bb4fc9bf-6544-5f02-9ede-69dca4bad805,e0f86c5b-6ef0-991f-ed1e-6a1834fb26bc,written,,ФМ 59500,2026-05-28 15:28:38,2026-05-28 15:28:46,OCH_LSH_MSK_UNPK_0607,УНПК,ЛШ очная Москва 06.07-17.07 УНПК,ЛШ 2026 Очно Москва 6.07 - 17.07 (УНПК)
cbc054de-f5ff-d915-6a1e-6a1406ace1e3,bb4fc9bf-6544-5f02-9ede-69dca4bad805,e3e2817e-db82-a335-7b3d-6a0b15993ee5,written,,"физмат, база",2026-05-25 11:22:34,2026-05-26 12:22:18,OCH_LSH_MSK_UNPK_0607,УНПК,ЛШ очная Москва 06.07-17.07 УНПК,ЛШ 2026 Очно Москва 6.07 - 17.07 (УНПК)
615086ab-96b8-a204-b036-69f326d4c518,bb4fc9bf-6544-5f02-9ede-69dca4bad805,e6123d0b-b4cf-8225-7c08-69f32661d5a0,written,,база ФМ,2026-04-30 12:52:07,2026-04-30 12:52:16,OCH_LSH_MSK_UNPK_0607,УНПК,ЛШ очная Москва 06.07-17.07 УНПК,ЛШ 2026 Очно Москва 6.07 - 17.07 (УНПК)
4ce406b5-434f-dfbf-72fe-6a228605d8d0,bb4fc9bf-6544-5f02-9ede-69dca4bad805,e63099f8-5b0a-b6d7-8b20-6a22867acc9c,written,,"фм, база",2026-06-05 11:19:17,2026-06-05 11:19:23,OCH_LSH_MSK_UNPK_0607,УНПК,ЛШ очная Москва 06.07-17.07 УНПК,ЛШ 2026 Очно Москва 6.07 - 17.07 (УНПК)
146824e7-14b7-74c4-331e-6a2049acb463,bb4fc9bf-6544-5f02-9ede-69dca4bad805,e63dddaa-26f2-aa84-62c1-6a2048a1f534,written,,ИИ прем 10,2026-06-03 18:34:03,2026-06-03 18:34:12,OCH_LSH_MSK_UNPK_0607,УНПК,ЛШ очная Москва 06.07-17.07 УНПК,ЛШ 2026 Очно Москва 6.07 - 17.07 (УНПК)
8a74337f-1555-3cb0-0b34-6a02ef6f1b10,bb4fc9bf-6544-5f02-9ede-69dca4bad805,e788b0c9-a036-90ac-953b-6a02eeb23829,written,,"фм, база",2026-05-12 12:13:37,2026-05-12 12:13:43,OCH_LSH_MSK_UNPK_0607,УНПК,ЛШ очная Москва 06.07-17.07 УНПК,ЛШ 2026 Очно Москва 6.07 - 17.07 (УНПК)
b226f2d8-364b-df8c-402e-6a1810985a36,bb4fc9bf-6544-5f02-9ede-69dca4bad805,ea318d9d-f052-06dc-751b-6a180e702b40,written,,ФМ база,2026-05-28 12:54:41,2026-05-28 12:54:50,OCH_LSH_MSK_UNPK_0607,УНПК,ЛШ очная Москва 06.07-17.07 УНПК,ЛШ 2026 Очно Москва 6.07 - 17.07 (УНПК)
5e1c832c-b049-439c-bdfc-6a11566b4d53,bb4fc9bf-6544-5f02-9ede-69dca4bad805,ea481a88-78a1-7ea4-8d61-6a1156b1770f,written,,ИИ 59500,2026-05-23 10:26:17,2026-05-23 10:26:23,OCH_LSH_MSK_UNPK_0607,УНПК,ЛШ очная Москва 06.07-17.07 УНПК,ЛШ 2026 Очно Москва 6.07 - 17.07 (УНПК)
73c44c64-cad7-350a-3225-6a02e8495ed4,bb4fc9bf-6544-5f02-9ede-69dca4bad805,eae7a5ca-bdc6-0e2b-0cb0-6694fd1f7d77,written,,ФМ база,2026-05-12 11:45:25,2026-05-18 17:43:10,OCH_LSH_MSK_UNPK_0607,УНПК,ЛШ очная Москва 06.07-17.07 УНПК,ЛШ 2026 Очно Москва 6.07 - 17.07 (УНПК)
107f4d0d-6be3-3d73-d416-6a0ee2f99752,bb4fc9bf-6544-5f02-9ede-69dca4bad805,ebb78c94-1505-c90e-2d99-6a0ee2899505,written,,ФМ база,2026-05-21 13:48:19,2026-05-21 13:48:24,OCH_LSH_MSK_UNPK_0607,УНПК,ЛШ очная Москва 06.07-17.07 УНПК,ЛШ 2026 Очно Москва 6.07 - 17.07 (УНПК)
bc1ce6e4-2ea8-fe6d-692c-6a14079cbe31,bb4fc9bf-6544-5f02-9ede-69dca4bad805,ef3a016f-95c9-8a94-c27f-6a0c2724b0a6,written,,фм база,2026-05-25 11:24:32,2026-05-25 11:24:37,OCH_LSH_MSK_UNPK_0607,УНПК,ЛШ очная Москва 06.07-17.07 УНПК,ЛШ 2026 Очно Москва 6.07 - 17.07 (УНПК)
a35f7caa-5259-0afa-425a-69fc86df6916,bb4fc9bf-6544-5f02-9ede-69dca4bad805,f037b662-73a9-9e98-9fbe-69fc859fbbc2,written,,фм 59500,2026-05-07 15:32:42,2026-05-07 15:32:49,OCH_LSH_MSK_UNPK_0607,УНПК,ЛШ очная Москва 06.07-17.07 УНПК,ЛШ 2026 Очно Москва 6.07 - 17.07 (УНПК)
147de2e8-8203-b198-51ac-6a042743405f,bb4fc9bf-6544-5f02-9ede-69dca4bad805,f1ad3f3a-fc24-6341-2c9e-6a0425410433,written,,"фм,  база",2026-05-13 10:26:58,2026-05-20 14:40:25,OCH_LSH_MSK_UNPK_0607,УНПК,ЛШ очная Москва 06.07-17.07 УНПК,ЛШ 2026 Очно Москва 6.07 - 17.07 (УНПК)
ae841890-fffb-9bc7-d505-69e9b6465843,bb4fc9bf-6544-5f02-9ede-69dca4bad805,f29bd0d9-ff23-0691-4d26-68ad5908e697,written,,направление физмат база,2026-04-23 09:05:47,2026-05-18 12:23:04,OCH_LSH_MSK_UNPK_0607,УНПК,ЛШ очная Москва 06.07-17.07 УНПК,ЛШ 2026 Очно Москва 6.07 - 17.07 (УНПК)
79920242-a7a2-aafb-dfb8-69f9b95917f0,bb4fc9bf-6544-5f02-9ede-69dca4bad805,f3b87e15-6bc6-1f89-7a0b-69f9b70619e2,written,,37500 фм,2026-05-05 12:31:54,2026-05-05 12:32:00,OCH_LSH_MSK_UNPK_0607,УНПК,ЛШ очная Москва 06.07-17.07 УНПК,ЛШ 2026 Очно Москва 6.07 - 17.07 (УНПК)
59422982-f3e1-9e75-7476-6a201830efce,23614378-0805-50a6-9420-6a1fe644bae2,1de6fb2a-524f-12cb-76ab-6a201874bc3d,written,,"фм, премиум 10",2026-06-03 15:05:21,2026-06-03 15:05:29,OCH_LSH_MSK_UNPK_2007_FM,УНПК,ЛШ очная Москва 20.07-31.07 УНПК ФМ,ЛШ 2026 Очно Москва 20.07 - 31.07 (УНПК) ФМ
b637fbed-0003-45cc-e3c1-6a21881e3bcd,23614378-0805-50a6-9420-6a1fe644bae2,7c0064c5-dafa-39dd-a4bb-6a21877291ce,written,,"фм, премиум 10",2026-06-04 17:14:38,2026-06-04 17:14:46,OCH_LSH_MSK_UNPK_2007_FM,УНПК,ЛШ очная Москва 20.07-31.07 УНПК ФМ,ЛШ 2026 Очно Москва 20.07 - 31.07 (УНПК) ФМ
11037f9a-f78d-3b2b-1267-6a227bae437f,23614378-0805-50a6-9420-6a1fe644bae2,8740961c-e3cf-7d11-5768-6a1d2f4e4fa5,written,,,2026-06-05 10:31:36,2026-06-05 10:31:36,OCH_LSH_MSK_UNPK_2007_FM,УНПК,ЛШ очная Москва 20.07-31.07 УНПК ФМ,ЛШ 2026 Очно Москва 20.07 - 31.07 (УНПК) ФМ
65931349-4234-89fa-85f1-6a1feb45b5de,23614378-0805-50a6-9420-6a1fe644bae2,9e322c05-4785-1458-456f-6a1feabe2679,written,,"фм, база",2026-06-03 11:52:55,2026-06-03 11:53:00,OCH_LSH_MSK_UNPK_2007_FM,УНПК,ЛШ очная Москва 20.07-31.07 УНПК ФМ,ЛШ 2026 Очно Москва 20.07 - 31.07 (УНПК) ФМ
e030a1a5-b238-112f-ef1e-6a1ff876f723,23614378-0805-50a6-9420-6a1fe644bae2,aa33c715-0101-a6ef-15ff-6a1849e88955,written,,"фм, база",2026-06-03 12:47:37,2026-06-03 12:47:46,OCH_LSH_MSK_UNPK_2007_FM,УНПК,ЛШ очная Москва 20.07-31.07 УНПК ФМ,ЛШ 2026 Очно Москва 20.07 - 31.07 (УНПК) ФМ
c58bdee1-6630-42e3-38fd-6a214792e663,23614378-0805-50a6-9420-6a1fe644bae2,b11a4e7c-5dbe-7c6d-4aad-6a01ac1cb6a2,written,,"Фм база, если не  получитсься в москве, готовы в долгопу",2026-06-04 12:36:53,2026-06-04 12:37:23,OCH_LSH_MSK_UNPK_2007_FM,УНПК,ЛШ очная Москва 20.07-31.07 УНПК ФМ,ЛШ 2026 Очно Москва 20.07 - 31.07 (УНПК) ФМ
72594f42-e190-c67c-6bb9-6a22883be950,23614378-0805-50a6-9420-6a1fe644bae2,bd14ad20-1276-dca9-6d7b-6a2287b9e2de,written,,ФМ + проект,2026-06-05 11:25:42,2026-06-05 11:25:50,OCH_LSH_MSK_UNPK_2007_FM,УНПК,ЛШ очная Москва 20.07-31.07 УНПК ФМ,ЛШ 2026 Очно Москва 20.07 - 31.07 (УНПК) ФМ
d97bb23d-86e9-c263-d1e3-6a21788f4e58,23614378-0805-50a6-9420-6a1fe644bae2,c761e3f5-813a-9ea0-9839-6a2175209469,written,,"фм, база",2026-06-04 16:08:58,2026-06-04 16:09:08,OCH_LSH_MSK_UNPK_2007_FM,УНПК,ЛШ очная Москва 20.07-31.07 УНПК ФМ,ЛШ 2026 Очно Москва 20.07 - 31.07 (УНПК) ФМ
801347b4-920c-5734-6e7b-6a1fe6bb6003,23614378-0805-50a6-9420-6a1fe644bae2,ce157c64-fbba-1a9d-228e-6a1fe62bb427,written,,"ФМ, база",2026-06-03 11:32:10,2026-06-03 11:32:16,OCH_LSH_MSK_UNPK_2007_FM,УНПК,ЛШ очная Москва 20.07-31.07 УНПК ФМ,ЛШ 2026 Очно Москва 20.07 - 31.07 (УНПК) ФМ
f29e7a29-4edf-8388-0347-6a216d04b108,23614378-0805-50a6-9420-6a1fe644bae2,cfddb98f-a2de-e364-cfee-6a216ad368b5,written,,"фм, премиум 10",2026-06-04 15:18:53,2026-06-04 15:19:00,OCH_LSH_MSK_UNPK_2007_FM,УНПК,ЛШ очная Москва 20.07-31.07 УНПК ФМ,ЛШ 2026 Очно Москва 20.07 - 31.07 (УНПК) ФМ
ec2bdca7-ccaf-03f5-3f80-6a22a633b1fa,23614378-0805-50a6-9420-6a1fe644bae2,d94c7c40-8b45-70a7-0348-6a1fee43e3d5,written,,Фм перм 10,2026-06-05 13:33:44,2026-06-05 13:33:53,OCH_LSH_MSK_UNPK_2007_FM,УНПК,ЛШ очная Москва 20.07-31.07 УНПК ФМ,ЛШ 2026 Очно Москва 20.07 - 31.07 (УНПК) ФМ
5e8f142e-2690-f2cf-bc4f-6a216f8d8410,23614378-0805-50a6-9420-6a1fe644bae2,eeb9a57f-013a-692e-3133-6a216e6eefed,written,,"фм, база",2026-06-04 15:29:33,2026-06-04 15:29:47,OCH_LSH_MSK_UNPK_2007_FM,УНПК,ЛШ очная Москва 20.07-31.07 УНПК ФМ,ЛШ 2026 Очно Москва 20.07 - 31.07 (УНПК) ФМ
,bbbddbb3-7a10-37b6-d559-69dca318f82b,,,,,,,OCH_LSH_MFTI_UNPK_2007,УНПК,ЛШ очная МФТИ 20.07-31.07 УНПК,ЛШ 2026 Очно МФТИ 20.07 - 31.07 (УНПК)
74750101-7212-8826-a0f2-6a057b3cdc28,3fb8804b-fa57-8f10-2ae5-69dca4e663d8,106800e2-0fc1-05dd-5ece-64885acb1b2f,written,,фм база,2026-05-14 10:34:50,2026-05-14 10:34:56,OCH_LSH_MSK_FOTON_0308,ФОТОН,ЛШ очная Москва 03.08-14.08 ФОТОН,ЛШ 2026 Очно Москва 3.08 - 14.08 (ФОТОН)
d644ecaf-d57b-607d-5458-6a1194e52c4d,3fb8804b-fa57-8f10-2ae5-69dca4e663d8,108241a0-dffb-b08e-c092-6658577b41e3,written,,"фм, премиум 10",2026-05-23 14:51:22,2026-05-23 14:51:31,OCH_LSH_MSK_FOTON_0308,ФОТОН,ЛШ очная Москва 03.08-14.08 ФОТОН,ЛШ 2026 Очно Москва 3.08 - 14.08 (ФОТОН)
54b82f31-f88d-6422-e7fb-69e764e94354,3fb8804b-fa57-8f10-2ae5-69dca4e663d8,13b8efa9-3817-c8d2-d710-698c3d615f82,written,,фм премиум 5,2026-04-21 14:51:45,2026-05-18 11:58:48,OCH_LSH_MSK_FOTON_0308,ФОТОН,ЛШ очная Москва 03.08-14.08 ФОТОН,ЛШ 2026 Очно Москва 3.08 - 14.08 (ФОТОН)
913bacb8-9dc5-4f88-b711-6a156843a26b,3fb8804b-fa57-8f10-2ae5-69dca4e663d8,189710c4-3b47-894b-216a-6a1566f9e349,written,,"фм, база",2026-05-26 12:30:27,2026-05-26 12:30:35,OCH_LSH_MSK_FOTON_0308,ФОТОН,ЛШ очная Москва 03.08-14.08 ФОТОН,ЛШ 2026 Очно Москва 3.08 - 14.08 (ФОТОН)
f130e96b-4cd4-370e-b344-6a06eefb9cfd,3fb8804b-fa57-8f10-2ae5-69dca4e663d8,216fe30f-a5a2-92e9-1f19-6a06ee9b0df2,written,,"физмат, премиум 5",2026-05-15 12:58:10,2026-05-15 12:58:33,OCH_LSH_MSK_FOTON_0308,ФОТОН,ЛШ очная Москва 03.08-14.08 ФОТОН,ЛШ 2026 Очно Москва 3.08 - 14.08 (ФОТОН)
307f0d72-ade1-c6e4-bc2c-69f99e9d4c71,3fb8804b-fa57-8f10-2ae5-69dca4e663d8,25850d47-1c2f-e166-ac7a-69f99e6a18cf,written,,база,2026-05-05 10:38:36,2026-05-18 11:59:07,OCH_LSH_MSK_FOTON_0308,ФОТОН,ЛШ очная Москва 03.08-14.08 ФОТОН,ЛШ 2026 Очно Москва 3.08 - 14.08 (ФОТОН)
dcf220c6-0a0f-1425-cb9e-6a1e98dbfbe6,3fb8804b-fa57-8f10-2ae5-69dca4e663d8,2c3b8414-f4fc-36a6-7ef5-65d1e5a17500,written,,фм 59000,2026-06-02 11:48:54,2026-06-02 11:51:51,OCH_LSH_MSK_FOTON_0308,ФОТОН,ЛШ очная Москва 03.08-14.08 ФОТОН,ЛШ 2026 Очно Москва 3.08 - 14.08 (ФОТОН)
60ce4972-be78-b4c5-57b3-6a140cf1bca0,3fb8804b-fa57-8f10-2ae5-69dca4e663d8,2cf72845-2b64-8950-8dc5-6a0db3143a7b,written,,,2026-05-20 17:01:16,2026-05-25 11:47:37,OCH_LSH_MSK_FOTON_0308,ФОТОН,ЛШ очная Москва 03.08-14.08 ФОТОН,ЛШ 2026 Очно Москва 3.08 - 14.08 (ФОТОН)
455288cb-83db-de9d-ded7-6a0c27b7334a,3fb8804b-fa57-8f10-2ae5-69dca4e663d8,34adea2a-e5f8-3c91-758d-6a0c26bfa5ed,written,,ИИ премиум 5,2026-05-19 12:02:32,2026-05-19 12:02:39,OCH_LSH_MSK_FOTON_0308,ФОТОН,ЛШ очная Москва 03.08-14.08 ФОТОН,ЛШ 2026 Очно Москва 3.08 - 14.08 (ФОТОН)
d6537c82-0a0f-7376-1d9d-6a19824909b6,3fb8804b-fa57-8f10-2ae5-69dca4e663d8,36586187-7464-3502-8cf3-6a198242178a,written,,,2026-05-29 15:10:33,2026-05-29 15:10:33,OCH_LSH_MSK_FOTON_0308,ФОТОН,ЛШ очная Москва 03.08-14.08 ФОТОН,ЛШ 2026 Очно Москва 3.08 - 14.08 (ФОТОН)
61b38d43-388f-f92b-9c1d-69e8ad186c17,3fb8804b-fa57-8f10-2ae5-69dca4e663d8,3f5e6fc3-a928-68a3-4261-69c107c498e4,written,,направление физмат премиум 10,2026-04-22 14:15:00,2026-04-27 10:34:08,OCH_LSH_MSK_FOTON_0308,ФОТОН,ЛШ очная Москва 03.08-14.08 ФОТОН,ЛШ 2026 Очно Москва 3.08 - 14.08 (ФОТОН)
5f6c100f-7c4a-03e9-747c-69fc49ab3658,3fb8804b-fa57-8f10-2ae5-69dca4e663d8,4235aa87-7c2f-0ae0-d96a-69fc48588296,written,,"физмат направление, тариф 5",2026-05-07 11:12:55,2026-05-07 11:13:09,OCH_LSH_MSK_FOTON_0308,ФОТОН,ЛШ очная Москва 03.08-14.08 ФОТОН,ЛШ 2026 Очно Москва 3.08 - 14.08 (ФОТОН)
73483623-65da-7961-5ecd-69f35925941a,3fb8804b-fa57-8f10-2ae5-69dca4e663d8,43e8be78-c581-1025-8eff-6613ac61d06b,written,,физ мат. премиум 5,2026-04-30 16:29:05,2026-05-15 18:15:38,OCH_LSH_MSK_FOTON_0308,ФОТОН,ЛШ очная Москва 03.08-14.08 ФОТОН,ЛШ 2026 Очно Москва 3.08 - 14.08 (ФОТОН)
d49d6bce-e168-363d-678e-69e9ddd38389,3fb8804b-fa57-8f10-2ae5-69dca4e663d8,4e6dc66d-b8cb-f60b-68df-6411950ca8c6,written,,"ИИ, премиум 10 56050 оплачено",2026-04-23 11:51:13,2026-05-18 11:55:37,OCH_LSH_MSK_FOTON_0308,ФОТОН,ЛШ очная Москва 03.08-14.08 ФОТОН,ЛШ 2026 Очно Москва 3.08 - 14.08 (ФОТОН)
24f04332-3367-e0cc-5881-6a0d870860c6,3fb8804b-fa57-8f10-2ae5-69dca4e663d8,571a2bfb-80cc-7687-bd8a-6a0d85b0698a,written,,,2026-05-20 13:05:54,2026-05-20 13:05:54,OCH_LSH_MSK_FOTON_0308,ФОТОН,ЛШ очная Москва 03.08-14.08 ФОТОН,ЛШ 2026 Очно Москва 3.08 - 14.08 (ФОТОН)
bcc63575-3062-be5b-72f0-6a2004fea823,3fb8804b-fa57-8f10-2ae5-69dca4e663d8,5bb5a1f7-89fd-bab5-6d1e-66cc52c83eb1,written,,фм база,2026-06-03 13:39:28,2026-06-03 13:39:34,OCH_LSH_MSK_FOTON_0308,ФОТОН,ЛШ очная Москва 03.08-14.08 ФОТОН,ЛШ 2026 Очно Москва 3.08 - 14.08 (ФОТОН)
7a6f0243-f5f8-e51d-b0de-6a0ec831bce5,3fb8804b-fa57-8f10-2ae5-69dca4e663d8,60fe13b7-3848-b125-e64c-6a0eb991ca47,written,,"фм, премиум 5",2026-05-21 11:56:30,2026-05-21 11:57:02,OCH_LSH_MSK_FOTON_0308,ФОТОН,ЛШ очная Москва 03.08-14.08 ФОТОН,ЛШ 2026 Очно Москва 3.08 - 14.08 (ФОТОН)
b322069b-9018-0867-7555-6a1996ce5ef7,3fb8804b-fa57-8f10-2ae5-69dca4e663d8,693d6b48-1f8b-4ff0-aa43-6a199629fe79,written,,"фм, премиум 5 мат кап",2026-05-29 16:39:05,2026-05-29 16:39:14,OCH_LSH_MSK_FOTON_0308,ФОТОН,ЛШ очная Москва 03.08-14.08 ФОТОН,ЛШ 2026 Очно Москва 3.08 - 14.08 (ФОТОН)
5eb3cc83-696d-85f3-8597-69ecc726234f,3fb8804b-fa57-8f10-2ae5-69dca4e663d8,6a64b2ed-71ef-8d56-24bb-663610f689bd,written,,"фм, тариф  премиум 5 мат кап",2026-04-25 16:54:35,2026-04-30 16:04:50,OCH_LSH_MSK_FOTON_0308,ФОТОН,ЛШ очная Москва 03.08-14.08 ФОТОН,ЛШ 2026 Очно Москва 3.08 - 14.08 (ФОТОН)
996cb85a-875c-0347-1d25-6a1407e1b780,3fb8804b-fa57-8f10-2ae5-69dca4e663d8,6aef45aa-7045-ecd2-b3fe-6a09a1852ebe,written,,,2026-05-25 11:27:03,2026-05-25 11:27:03,OCH_LSH_MSK_FOTON_0308,ФОТОН,ЛШ очная Москва 03.08-14.08 ФОТОН,ЛШ 2026 Очно Москва 3.08 - 14.08 (ФОТОН)
5a61c328-fdbb-8afd-a2c3-6a1448a302db,3fb8804b-fa57-8f10-2ae5-69dca4e663d8,6ef506b4-0b16-d026-01a8-688495d04c38,written,,премиум 10 ИИ,2026-05-25 16:04:40,2026-05-25 16:04:48,OCH_LSH_MSK_FOTON_0308,ФОТОН,ЛШ очная Москва 03.08-14.08 ФОТОН,ЛШ 2026 Очно Москва 3.08 - 14.08 (ФОТОН)
8a346cfd-5bcc-cb23-019d-6a1ec04e6c61,3fb8804b-fa57-8f10-2ae5-69dca4e663d8,74660a2a-729f-a660-5d0e-69e72fb1ba6c,written,,,2026-06-02 14:37:06,2026-06-02 14:37:06,OCH_LSH_MSK_FOTON_0308,ФОТОН,ЛШ очная Москва 03.08-14.08 ФОТОН,ЛШ 2026 Очно Москва 3.08 - 14.08 (ФОТОН)
2b5430bd-d840-df6a-4e83-6a0dac31c097,3fb8804b-fa57-8f10-2ae5-69dca4e663d8,861a2ac2-c12a-34f4-7237-682dcbccd846,written,,фм база,2026-05-20 15:42:15,2026-05-20 15:42:29,OCH_LSH_MSK_FOTON_0308,ФОТОН,ЛШ очная Москва 03.08-14.08 ФОТОН,ЛШ 2026 Очно Москва 3.08 - 14.08 (ФОТОН)
b24c1061-556a-d835-3c54-6a1d303761c4,3fb8804b-fa57-8f10-2ae5-69dca4e663d8,8740961c-e3cf-7d11-5768-6a1d2f4e4fa5,written,,,2026-06-01 10:09:16,2026-06-01 10:09:16,OCH_LSH_MSK_FOTON_0308,ФОТОН,ЛШ очная Москва 03.08-14.08 ФОТОН,ЛШ 2026 Очно Москва 3.08 - 14.08 (ФОТОН)
58a40b87-4478-49eb-ed14-6a1d7d17cdfd,3fb8804b-fa57-8f10-2ae5-69dca4e663d8,87aad076-16cb-d772-09c5-6a1d7df0e0b6,written,,,2026-06-01 15:39:10,2026-06-01 15:39:10,OCH_LSH_MSK_FOTON_0308,ФОТОН,ЛШ очная Москва 03.08-14.08 ФОТОН,ЛШ 2026 Очно Москва 3.08 - 14.08 (ФОТОН)
6cef402d-8f81-2562-4ba1-69eb0948f976,3fb8804b-fa57-8f10-2ae5-69dca4e663d8,8a543e61-4489-88e8-ce63-69e9ccd700c1,written,,фм премиум 10,2026-04-24 09:11:26,2026-04-27 10:34:20,OCH_LSH_MSK_FOTON_0308,ФОТОН,ЛШ очная Москва 03.08-14.08 ФОТОН,ЛШ 2026 Очно Москва 3.08 - 14.08 (ФОТОН)
e0614bc6-eb8c-db24-ab54-6a006423781d,3fb8804b-fa57-8f10-2ae5-69dca4e663d8,8d4d6275-2d1e-86a5-2fec-6640ab21fd83,written,,фм 59000,2026-05-10 13:57:48,2026-05-10 13:57:55,OCH_LSH_MSK_FOTON_0308,ФОТОН,ЛШ очная Москва 03.08-14.08 ФОТОН,ЛШ 2026 Очно Москва 3.08 - 14.08 (ФОТОН)
c3742a9b-30d8-e4c6-4b8c-6a03447318e0,3fb8804b-fa57-8f10-2ae5-69dca4e663d8,942ed467-3b4c-12f2-21c8-6a0338b077f2,written,,,2026-05-12 18:18:12,2026-05-12 18:18:12,OCH_LSH_MSK_FOTON_0308,ФОТОН,ЛШ очная Москва 03.08-14.08 ФОТОН,ЛШ 2026 Очно Москва 3.08 - 14.08 (ФОТОН)
b3ed29e0-0ef8-0793-5865-69fc4751155b,3fb8804b-fa57-8f10-2ae5-69dca4e663d8,97bdbc54-33c5-9151-b357-69fc46f14b4d,written,,фм база,2026-05-07 11:02:41,2026-05-18 11:58:33,OCH_LSH_MSK_FOTON_0308,ФОТОН,ЛШ очная Москва 03.08-14.08 ФОТОН,ЛШ 2026 Очно Москва 3.08 - 14.08 (ФОТОН)
8248fbd1-9194-137f-656f-6a09f3315f23,3fb8804b-fa57-8f10-2ae5-69dca4e663d8,a0e41e76-7202-811f-38b0-687e252a0d6c,written,,ФМ база,2026-05-17 19:59:06,2026-05-17 19:59:16,OCH_LSH_MSK_FOTON_0308,ФОТОН,ЛШ очная Москва 03.08-14.08 ФОТОН,ЛШ 2026 Очно Москва 3.08 - 14.08 (ФОТОН)
c2800b5b-a6b9-9f86-fd5b-6a0c64b99a21,3fb8804b-fa57-8f10-2ae5-69dca4e663d8,a6db1b45-b0c3-5a0a-ef35-6a0c64537250,written,,,2026-05-19 16:25:00,2026-05-19 16:25:00,OCH_LSH_MSK_FOTON_0308,ФОТОН,ЛШ очная Москва 03.08-14.08 ФОТОН,ЛШ 2026 Очно Москва 3.08 - 14.08 (ФОТОН)
cfb9dfc4-e935-6fc1-e113-6a102f0efdab,3fb8804b-fa57-8f10-2ae5-69dca4e663d8,ad18d305-a540-4de8-8817-66865b96a05f,written,,,2026-05-22 13:28:35,2026-05-22 13:28:35,OCH_LSH_MSK_FOTON_0308,ФОТОН,ЛШ очная Москва 03.08-14.08 ФОТОН,ЛШ 2026 Очно Москва 3.08 - 14.08 (ФОТОН)
438dc910-7a8e-c5f2-9cb9-69f0b7e86fa0,3fb8804b-fa57-8f10-2ae5-69dca4e663d8,b1790504-32cd-9153-4af5-63ee02974380,written,,"фм, база",2026-04-28 16:34:03,2026-04-28 16:34:10,OCH_LSH_MSK_FOTON_0308,ФОТОН,ЛШ очная Москва 03.08-14.08 ФОТОН,ЛШ 2026 Очно Москва 3.08 - 14.08 (ФОТОН)
29d55e50-1cf7-8691-bb2c-6a0c097bb320,3fb8804b-fa57-8f10-2ae5-69dca4e663d8,c1285f08-bbfa-884f-07aa-6a057240919b,written,,ии,2026-05-19 09:55:00,2026-05-19 09:55:20,OCH_LSH_MSK_FOTON_0308,ФОТОН,ЛШ очная Москва 03.08-14.08 ФОТОН,ЛШ 2026 Очно Москва 3.08 - 14.08 (ФОТОН)
1c1fd371-746c-0d78-3d34-6a1447519db8,3fb8804b-fa57-8f10-2ae5-69dca4e663d8,c867fdee-d972-ee8a-516c-686f7e82e618,written,,база фм,2026-05-25 15:58:06,2026-05-25 16:03:24,OCH_LSH_MSK_FOTON_0308,ФОТОН,ЛШ очная Москва 03.08-14.08 ФОТОН,ЛШ 2026 Очно Москва 3.08 - 14.08 (ФОТОН)
5ea2c554-d96f-b2b6-1c91-6a193da1768f,3fb8804b-fa57-8f10-2ae5-69dca4e663d8,cb33f27c-d20a-ea1a-bab8-6a193d589933,written,,,2026-05-29 10:19:07,2026-05-29 10:19:07,OCH_LSH_MSK_FOTON_0308,ФОТОН,ЛШ очная Москва 03.08-14.08 ФОТОН,ЛШ 2026 Очно Москва 3.08 - 14.08 (ФОТОН)
1c77ed79-36c5-58b9-7e49-69e9e063a89a,3fb8804b-fa57-8f10-2ae5-69dca4e663d8,d3930283-c34d-b288-bb86-69e9de68803d,written,,предварительно база,2026-04-23 12:05:22,2026-05-18 11:58:22,OCH_LSH_MSK_FOTON_0308,ФОТОН,ЛШ очная Москва 03.08-14.08 ФОТОН,ЛШ 2026 Очно Москва 3.08 - 14.08 (ФОТОН)
1877a39a-8eef-d2d2-5b6d-69e75b8292e9,3fb8804b-fa57-8f10-2ae5-69dca4e663d8,de4564bc-3a1d-6df3-f34d-68342d5fcf64,written,,фм премиум 10,2026-04-21 14:11:08,2026-05-18 11:57:27,OCH_LSH_MSK_FOTON_0308,ФОТОН,ЛШ очная Москва 03.08-14.08 ФОТОН,ЛШ 2026 Очно Москва 3.08 - 14.08 (ФОТОН)
ec95b9c8-c14d-8ab0-84aa-6a19c3f02376,3fb8804b-fa57-8f10-2ae5-69dca4e663d8,e0b079f2-c5b7-0aa4-4dc7-6a19c31cc2c9,written,,ИИ,2026-05-29 19:48:57,2026-05-29 19:49:06,OCH_LSH_MSK_FOTON_0308,ФОТОН,ЛШ очная Москва 03.08-14.08 ФОТОН,ЛШ 2026 Очно Москва 3.08 - 14.08 (ФОТОН)
a07cb69c-dad9-979e-d50f-69eb34935d3d,3fb8804b-fa57-8f10-2ae5-69dca4e663d8,e7de7f7d-884a-3925-dd04-66221cfedd85,written,,физмат премиум 10,2026-04-24 12:13:36,2026-05-18 11:57:57,OCH_LSH_MSK_FOTON_0308,ФОТОН,ЛШ очная Москва 03.08-14.08 ФОТОН,ЛШ 2026 Очно Москва 3.08 - 14.08 (ФОТОН)
e6e20eb2-0831-9aff-7ad3-69f359f3816c,3fb8804b-fa57-8f10-2ae5-69dca4e663d8,ec06f828-5053-dc26-9c39-6613aca5ec5c,written,,физ мат. премиум 5,2026-04-30 16:31:04,2026-05-15 18:14:59,OCH_LSH_MSK_FOTON_0308,ФОТОН,ЛШ очная Москва 03.08-14.08 ФОТОН,ЛШ 2026 Очно Москва 3.08 - 14.08 (ФОТОН)
34bcf0e6-ef1a-314d-d0ab-69ef669e5df7,3fb8804b-fa57-8f10-2ae5-69dca4e663d8,ec1f558f-95ff-16ee-7598-69ef658eb368,written,,фм база,2026-04-27 16:35:30,2026-05-18 11:59:00,OCH_LSH_MSK_FOTON_0308,ФОТОН,ЛШ очная Москва 03.08-14.08 ФОТОН,ЛШ 2026 Очно Москва 3.08 - 14.08 (ФОТОН)
5adce0e4-3eb6-2592-c50c-6a044c7468ce,d205a658-ae79-65f9-191d-69dca3ebe216,10782dbf-db1d-dad5-5963-6a044b26e80e,written,,99500 фм+астрономия,2026-05-13 13:03:29,2026-05-18 12:37:16,OCH_LSH_MFTI_UNPK_1708,УНПК,ЛШ очная МФТИ 17.08-28.08 УНПК,ЛШ 2026 Очно МФТИ 17.08 - 28.08 (УНПК)
67c01992-0f30-ac75-f84e-6a156a2e00df,d205a658-ae79-65f9-191d-69dca3ebe216,16fbadad-0cea-bf71-f5b2-6a156a3d00de,written,,"фм, база",2026-05-26 12:41:46,2026-05-26 12:43:11,OCH_LSH_MFTI_UNPK_1708,УНПК,ЛШ очная МФТИ 17.08-28.08 УНПК,ЛШ 2026 Очно МФТИ 17.08 - 28.08 (УНПК)
4a1f00aa-ea25-7232-a646-69fc706f2a6b,d205a658-ae79-65f9-191d-69dca3ebe216,18ea95dc-f854-e031-7c0e-69fb0b5cc37f,written,,фм премиум 10* 99500,2026-05-07 14:00:45,2026-05-18 12:35:40,OCH_LSH_MFTI_UNPK_1708,УНПК,ЛШ очная МФТИ 17.08-28.08 УНПК,ЛШ 2026 Очно МФТИ 17.08 - 28.08 (УНПК)
1ab4a027-c266-b7ed-d73b-6a1dae93198e,d205a658-ae79-65f9-191d-69dca3ebe216,1b780e44-39fd-a5bc-1ace-6a1dad41f957,written,,ФМ база,2026-06-01 19:07:05,2026-06-01 19:07:10,OCH_LSH_MFTI_UNPK_1708,УНПК,ЛШ очная МФТИ 17.08-28.08 УНПК,ЛШ 2026 Очно МФТИ 17.08 - 28.08 (УНПК)
480a0bdd-75b1-96ee-91f1-6a1042dfa49b,d205a658-ae79-65f9-191d-69dca3ebe216,1ccc7606-5765-2954-fe41-6a1042feea78,written,,ФМ 59500,2026-05-22 14:49:54,2026-05-22 14:50:03,OCH_LSH_MFTI_UNPK_1708,УНПК,ЛШ очная МФТИ 17.08-28.08 УНПК,ЛШ 2026 Очно МФТИ 17.08 - 28.08 (УНПК)
c3d5e3dd-8a5c-40f1-f5d2-6a184118a57e,d205a658-ae79-65f9-191d-69dca3ebe216,1f0d4b6b-a19e-a37a-367c-6a0ffaa755b9,written,,база фм,2026-05-28 16:22:12,2026-05-28 16:22:24,OCH_LSH_MFTI_UNPK_1708,УНПК,ЛШ очная МФТИ 17.08-28.08 УНПК,ЛШ 2026 Очно МФТИ 17.08 - 28.08 (УНПК)
376562e2-8142-0f26-6f6f-6a0ebfc752fd,d205a658-ae79-65f9-191d-69dca3ebe216,2abeaf2e-a901-e8d9-f0aa-69fb4c72a7d3,written,,"физмат, премиум 10",2026-05-21 11:16:01,2026-05-21 11:16:29,OCH_LSH_MFTI_UNPK_1708,УНПК,ЛШ очная МФТИ 17.08-28.08 УНПК,ЛШ 2026 Очно МФТИ 17.08 - 28.08 (УНПК)
5d1db5da-6239-f53b-a807-6a0add681c16,d205a658-ae79-65f9-191d-69dca3ebe216,2c191e60-1bfa-1e43-657a-68f223beb1e3,written,,фм премиум,2026-05-18 12:36:41,2026-05-18 12:36:48,OCH_LSH_MFTI_UNPK_1708,УНПК,ЛШ очная МФТИ 17.08-28.08 УНПК,ЛШ 2026 Очно МФТИ 17.08 - 28.08 (УНПК)
9d8063dd-6154-ccfb-3ff6-6a21571761d3,d205a658-ae79-65f9-191d-69dca3ebe216,2c3b8414-f4fc-36a6-7ef5-65d1e5a17500,written,,"ИИ, премиум 10",2026-06-04 13:48:19,2026-06-04 13:48:27,OCH_LSH_MFTI_UNPK_1708,УНПК,ЛШ очная МФТИ 17.08-28.08 УНПК,ЛШ 2026 Очно МФТИ 17.08 - 28.08 (УНПК)
6645fbf9-120b-496b-1dbe-6a202ae488fc,d205a658-ae79-65f9-191d-69dca3ebe216,30fc0941-aefe-d202-c607-6a2029c811c3,written,,ФМ база,2026-06-03 16:20:47,2026-06-03 16:20:51,OCH_LSH_MFTI_UNPK_1708,УНПК,ЛШ очная МФТИ 17.08-28.08 УНПК,ЛШ 2026 Очно МФТИ 17.08 - 28.08 (УНПК)
cb17ebd4-0060-8bcc-c8ed-69fdf69070b3,d205a658-ae79-65f9-191d-69dca3ebe216,34ed3d82-386d-00eb-1ee8-69fdf5a845e1,written,,"фм, база",2026-05-08 17:42:54,2026-05-08 17:43:00,OCH_LSH_MFTI_UNPK_1708,УНПК,ЛШ очная МФТИ 17.08-28.08 УНПК,ЛШ 2026 Очно МФТИ 17.08 - 28.08 (УНПК)
42610471-6259-3d25-387d-6a046744b7b1,d205a658-ae79-65f9-191d-69dca3ebe216,3593c5e3-6def-132a-6b18-6a04664c5d71,written,,фм 59500+ хотят проект по ИИ,2026-05-13 14:57:00,2026-05-13 14:57:12,OCH_LSH_MFTI_UNPK_1708,УНПК,ЛШ очная МФТИ 17.08-28.08 УНПК,ЛШ 2026 Очно МФТИ 17.08 - 28.08 (УНПК)
d6d69851-ae3b-f293-5b72-69ea32a3a166,d205a658-ae79-65f9-191d-69dca3ebe216,40626337-af5b-76e7-3372-5f575b2c39cf,written,,ИИ+премиум 59500,2026-04-23 17:54:22,2026-04-23 17:55:03,OCH_LSH_MFTI_UNPK_1708,УНПК,ЛШ очная МФТИ 17.08-28.08 УНПК,ЛШ 2026 Очно МФТИ 17.08 - 28.08 (УНПК)
4c72063f-84b6-0a33-a61e-69fc79f19c0d,d205a658-ae79-65f9-191d-69dca3ebe216,42931b51-cde9-8a14-2a26-69fc793152c4,written,,фм 37500,2026-05-07 14:37:44,2026-05-07 14:37:49,OCH_LSH_MFTI_UNPK_1708,УНПК,ЛШ очная МФТИ 17.08-28.08 УНПК,ЛШ 2026 Очно МФТИ 17.08 - 28.08 (УНПК)
ebf15e3e-827a-8c7e-e15a-6a0dad7cedaa,d205a658-ae79-65f9-191d-69dca3ebe216,4ba5c9f7-05b5-7216-74dd-69fb392a6b0a,written,,ФМ база,2026-05-20 15:48:26,2026-05-20 15:48:40,OCH_LSH_MFTI_UNPK_1708,УНПК,ЛШ очная МФТИ 17.08-28.08 УНПК,ЛШ 2026 Очно МФТИ 17.08 - 28.08 (УНПК)
8552ab57-86f4-65e3-e583-6a0c191e9275,d205a658-ae79-65f9-191d-69dca3ebe216,4e450d9f-0874-d7f5-fe1e-6a0c18bc2085,written,,ФМ база,2026-05-19 11:04:56,2026-05-19 11:05:10,OCH_LSH_MFTI_UNPK_1708,УНПК,ЛШ очная МФТИ 17.08-28.08 УНПК,ЛШ 2026 Очно МФТИ 17.08 - 28.08 (УНПК)
cdda7c4b-05e3-ec7d-515a-6a18411f4c4e,d205a658-ae79-65f9-191d-69dca3ebe216,4e620a10-0e05-2ce8-cd09-6a16a5ad08a8,written,,фм премиум 10,2026-05-28 16:23:18,2026-05-28 16:23:28,OCH_LSH_MFTI_UNPK_1708,УНПК,ЛШ очная МФТИ 17.08-28.08 УНПК,ЛШ 2026 Очно МФТИ 17.08 - 28.08 (УНПК)
15dc6004-01e5-014f-ddb7-6a0301450746,d205a658-ae79-65f9-191d-69dca3ebe216,4fd0b41b-8779-5793-4193-6819f37e4308,written,,"фм, премиум 10",2026-05-12 13:30:41,2026-05-12 13:30:48,OCH_LSH_MFTI_UNPK_1708,УНПК,ЛШ очная МФТИ 17.08-28.08 УНПК,ЛШ 2026 Очно МФТИ 17.08 - 28.08 (УНПК)
c2ebe2e7-edc4-30fc-a9b1-6a180a77af40,d205a658-ae79-65f9-191d-69dca3ebe216,509bcce7-2a10-a4fb-bd0e-6a18092e08e1,written,,"физмат, база",2026-05-28 12:25:36,2026-05-28 12:26:44,OCH_LSH_MFTI_UNPK_1708,УНПК,ЛШ очная МФТИ 17.08-28.08 УНПК,ЛШ 2026 Очно МФТИ 17.08 - 28.08 (УНПК)
323fd7c3-b4c8-c006-c13e-6a0addf1c4c8,d205a658-ae79-65f9-191d-69dca3ebe216,545bd502-cdee-2ae8-45e2-65fbe1163ee3,written,,фм премиум,2026-05-18 12:36:20,2026-05-27 16:55:52,OCH_LSH_MFTI_UNPK_1708,УНПК,ЛШ очная МФТИ 17.08-28.08 УНПК,ЛШ 2026 Очно МФТИ 17.08 - 28.08 (УНПК)
9a9802c8-672d-c069-6a6c-6a195f33dc52,d205a658-ae79-65f9-191d-69dca3ebe216,55ea0fbc-d224-b26b-f3a9-6a195f94bf41,written,,ФМ база,2026-05-29 12:42:11,2026-05-29 12:42:18,OCH_LSH_MFTI_UNPK_1708,УНПК,ЛШ очная МФТИ 17.08-28.08 УНПК,ЛШ 2026 Очно МФТИ 17.08 - 28.08 (УНПК)
5bf574dc-5c57-473c-e19e-69de44ac1bf2,d205a658-ae79-65f9-191d-69dca3ebe216,578aa6d4-2803-17a2-d413-68ad847f10cc,written,,фм + премиум,2026-04-14 16:43:05,2026-04-27 10:35:07,OCH_LSH_MFTI_UNPK_1708,УНПК,ЛШ очная МФТИ 17.08-28.08 УНПК,ЛШ 2026 Очно МФТИ 17.08 - 28.08 (УНПК)
7c86b72c-4ca0-e799-8a43-69fc494b4066,d205a658-ae79-65f9-191d-69dca3ebe216,57c20eda-7aab-244c-f54f-69fc492c383b,written,,фм 37500,2026-05-07 11:12:22,2026-05-07 11:12:29,OCH_LSH_MFTI_UNPK_1708,УНПК,ЛШ очная МФТИ 17.08-28.08 УНПК,ЛШ 2026 Очно МФТИ 17.08 - 28.08 (УНПК)
99a124d8-d91b-73ca-28b0-69f1c55448a7,d205a658-ae79-65f9-191d-69dca3ebe216,5ee35dba-1b3b-5d51-9d52-69f1c53bdf63,written,,фм+премиум 59500,2026-04-29 11:46:28,2026-04-29 11:46:51,OCH_LSH_MFTI_UNPK_1708,УНПК,ЛШ очная МФТИ 17.08-28.08 УНПК,ЛШ 2026 Очно МФТИ 17.08 - 28.08 (УНПК)
21ec4189-0a71-6ae8-935f-6a18675b0866,d205a658-ae79-65f9-191d-69dca3ebe216,627ae97d-a7cc-8589-9f60-6a18666da02c,written,,"фм, премиум 10+, инд занятия по мат-ке",2026-05-28 19:04:01,2026-05-28 19:04:16,OCH_LSH_MFTI_UNPK_1708,УНПК,ЛШ очная МФТИ 17.08-28.08 УНПК,ЛШ 2026 Очно МФТИ 17.08 - 28.08 (УНПК)
70b67b6f-ea11-24e1-8112-6a1abea94a90,d205a658-ae79-65f9-191d-69dca3ebe216,66deb3e1-0ab4-e5f7-7bb4-6a1abe201c2b,written,,ИИ 59500,2026-05-30 13:39:28,2026-05-30 13:39:33,OCH_LSH_MFTI_UNPK_1708,УНПК,ЛШ очная МФТИ 17.08-28.08 УНПК,ЛШ 2026 Очно МФТИ 17.08 - 28.08 (УНПК)
7f1c0245-550f-8539-0821-6a16dc0622e0,d205a658-ae79-65f9-191d-69dca3ebe216,675b8aa0-559f-74c5-aa09-671643512065,written,,"фм, база",2026-05-27 14:59:04,2026-05-27 14:59:36,OCH_LSH_MFTI_UNPK_1708,УНПК,ЛШ очная МФТИ 17.08-28.08 УНПК,ЛШ 2026 Очно МФТИ 17.08 - 28.08 (УНПК)
5da78336-d255-4169-3e8f-69e37f2ee98b,d205a658-ae79-65f9-191d-69dca3ebe216,68b3699b-2929-2bc0-8ce1-685e704e583a,written,,ФМ премиум 59500,2026-04-18 15:55:57,2026-04-18 15:56:19,OCH_LSH_MFTI_UNPK_1708,УНПК,ЛШ очная МФТИ 17.08-28.08 УНПК,ЛШ 2026 Очно МФТИ 17.08 - 28.08 (УНПК)
5ef674a7-b381-ef37-7b87-6a1d6c92ef13,d205a658-ae79-65f9-191d-69dca3ebe216,6fcc07cd-e692-9ffd-a263-6a15745eb0dd,written,,ИИ 59500,2026-06-01 14:25:41,2026-06-01 14:25:47,OCH_LSH_MFTI_UNPK_1708,УНПК,ЛШ очная МФТИ 17.08-28.08 УНПК,ЛШ 2026 Очно МФТИ 17.08 - 28.08 (УНПК)
333e1c8e-aed1-5a67-be47-69f9cfb024c2,d205a658-ae79-65f9-191d-69dca3ebe216,70645dba-8d67-2ee2-f54a-69f4b804d445,written,,"фм, база",2026-05-05 14:07:05,2026-05-05 14:07:11,OCH_LSH_MFTI_UNPK_1708,УНПК,ЛШ очная МФТИ 17.08-28.08 УНПК,ЛШ 2026 Очно МФТИ 17.08 - 28.08 (УНПК)
9c803096-c848-b5d6-0936-6a15ceb1e171,d205a658-ae79-65f9-191d-69dca3ebe216,7c04d620-d3ca-7e72-ba27-6a15ce12a94c,written,,"ИИ, база",2026-05-26 19:48:12,2026-05-26 19:48:20,OCH_LSH_MFTI_UNPK_1708,УНПК,ЛШ очная МФТИ 17.08-28.08 УНПК,ЛШ 2026 Очно МФТИ 17.08 - 28.08 (УНПК)
197b53bd-cb06-ac76-e39d-6a17fbaf35b9,d205a658-ae79-65f9-191d-69dca3ebe216,81a6621e-988f-1e2f-d691-6a17faa37910,written,,"фм, премиум",2026-05-28 11:23:30,2026-05-28 11:23:38,OCH_LSH_MFTI_UNPK_1708,УНПК,ЛШ очная МФТИ 17.08-28.08 УНПК,ЛШ 2026 Очно МФТИ 17.08 - 28.08 (УНПК)
dda6021e-9488-36c6-91ee-6a0b1a2f75ed,d205a658-ae79-65f9-191d-69dca3ebe216,84427427-99eb-312b-0f00-6a0b19a29bb4,written,,ФМ база,2026-05-18 16:55:38,2026-05-18 16:55:43,OCH_LSH_MFTI_UNPK_1708,УНПК,ЛШ очная МФТИ 17.08-28.08 УНПК,ЛШ 2026 Очно МФТИ 17.08 - 28.08 (УНПК)
7026a763-49b2-2a30-01b3-69e73daccc40,d205a658-ae79-65f9-191d-69dca3ebe216,8ccf4c02-1358-fa31-244b-662cb8e8a1e5,written,,фм база,2026-04-21 12:04:02,2026-04-27 10:35:25,OCH_LSH_MFTI_UNPK_1708,УНПК,ЛШ очная МФТИ 17.08-28.08 УНПК,ЛШ 2026 Очно МФТИ 17.08 - 28.08 (УНПК)
494b57ec-bccc-d9e3-c421-6a1d65191ae5,d205a658-ae79-65f9-191d-69dca3ebe216,8e1f88b0-8be1-b2c9-56bd-6a15a27d8df2,written,,ИИ премиум 10,2026-06-01 13:57:23,2026-06-01 13:58:01,OCH_LSH_MFTI_UNPK_1708,УНПК,ЛШ очная МФТИ 17.08-28.08 УНПК,ЛШ 2026 Очно МФТИ 17.08 - 28.08 (УНПК)
d98ea11c-3ec5-5e35-89ce-69f9f1d86fbd,d205a658-ae79-65f9-191d-69dca3ebe216,9007d438-180c-f367-0619-67ac58415c70,written,,фм премиум 10,2026-05-05 16:33:09,2026-05-06 11:21:12,OCH_LSH_MFTI_UNPK_1708,УНПК,ЛШ очная МФТИ 17.08-28.08 УНПК,ЛШ 2026 Очно МФТИ 17.08 - 28.08 (УНПК)
d83a7cd2-d7a9-7706-67ff-6a01bfcdb005,d205a658-ae79-65f9-191d-69dca3ebe216,92708941-b8c4-b03e-c656-6a01be0a47e5,written,,ФМ 59500,2026-05-11 14:35:36,2026-05-11 14:35:42,OCH_LSH_MFTI_UNPK_1708,УНПК,ЛШ очная МФТИ 17.08-28.08 УНПК,ЛШ 2026 Очно МФТИ 17.08 - 28.08 (УНПК)
c420d171-c9e0-3766-91b4-6a19422a28cf,d205a658-ae79-65f9-191d-69dca3ebe216,92f103c1-5ff7-5456-0393-6a1718c30851,written,,ии база,2026-05-29 10:37:54,2026-05-29 10:38:10,OCH_LSH_MFTI_UNPK_1708,УНПК,ЛШ очная МФТИ 17.08-28.08 УНПК,ЛШ 2026 Очно МФТИ 17.08 - 28.08 (УНПК)
4c500da0-b5f4-00d0-7d45-6a14111e5d2e,d205a658-ae79-65f9-191d-69dca3ebe216,9324bfb6-e7d5-7623-5f0f-6a0ae431ca45,written,,фм премиум 10,2026-05-25 12:07:46,2026-05-25 12:07:53,OCH_LSH_MFTI_UNPK_1708,УНПК,ЛШ очная МФТИ 17.08-28.08 УНПК,ЛШ 2026 Очно МФТИ 17.08 - 28.08 (УНПК)
f07f653b-5703-28c0-e0d8-6a16d57d3a42,d205a658-ae79-65f9-191d-69dca3ebe216,94a47e2d-4d4c-60c1-d143-6a16d5537685,written,,ИИ+проект 59500,2026-05-27 14:29:20,2026-05-27 14:29:51,OCH_LSH_MFTI_UNPK_1708,УНПК,ЛШ очная МФТИ 17.08-28.08 УНПК,ЛШ 2026 Очно МФТИ 17.08 - 28.08 (УНПК)
e1b7ab83-3e47-7666-8c71-6a06fd118a96,d205a658-ae79-65f9-191d-69dca3ebe216,9685fe4e-a9ca-3b17-994f-699af7738150,written,,"фм, база",2026-05-15 14:05:24,2026-05-19 17:36:40,OCH_LSH_MFTI_UNPK_1708,УНПК,ЛШ очная МФТИ 17.08-28.08 УНПК,ЛШ 2026 Очно МФТИ 17.08 - 28.08 (УНПК)
1d39b05f-1461-aa76-6f2e-6a1973e73b98,d205a658-ae79-65f9-191d-69dca3ebe216,9cd5cad9-f337-6160-0cd9-6a19724c95c7,written,,ФМ база,2026-05-29 14:05:55,2026-05-29 14:06:02,OCH_LSH_MFTI_UNPK_1708,УНПК,ЛШ очная МФТИ 17.08-28.08 УНПК,ЛШ 2026 Очно МФТИ 17.08 - 28.08 (УНПК)
32a22fa1-ce57-aaf8-2274-6a17f2473470,d205a658-ae79-65f9-191d-69dca3ebe216,a2b13595-0df6-14d6-e8c3-6a17f1312bc0,written,,ФМ база,2026-05-28 10:43:29,2026-05-28 10:43:35,OCH_LSH_MFTI_UNPK_1708,УНПК,ЛШ очная МФТИ 17.08-28.08 УНПК,ЛШ 2026 Очно МФТИ 17.08 - 28.08 (УНПК)
c9830c74-b39e-6659-9e5c-69f75e7131ab,d205a658-ae79-65f9-191d-69dca3ebe216,a4fc9c96-e70b-5ad5-f0aa-69f75cffa5bf,written,,ФМ премиум 10,2026-05-03 17:42:48,2026-05-03 17:43:01,OCH_LSH_MFTI_UNPK_1708,УНПК,ЛШ очная МФТИ 17.08-28.08 УНПК,ЛШ 2026 Очно МФТИ 17.08 - 28.08 (УНПК)
2ca2a7f2-962c-ca87-e973-6a0add41283d,d205a658-ae79-65f9-191d-69dca3ebe216,a69752d2-7fa8-1c1e-8067-69ef67257461,written,,"база, направление выбирают",2026-05-18 12:35:50,2026-05-18 12:35:58,OCH_LSH_MFTI_UNPK_1708,УНПК,ЛШ очная МФТИ 17.08-28.08 УНПК,ЛШ 2026 Очно МФТИ 17.08 - 28.08 (УНПК)
1f930a72-bc78-6042-5d99-6a0add5d8a8e,d205a658-ae79-65f9-191d-69dca3ebe216,a81f0d84-5a81-3745-ad92-6a047710fd8a,written,,фм база,2026-05-18 12:34:14,2026-06-01 11:40:42,OCH_LSH_MFTI_UNPK_1708,УНПК,ЛШ очная МФТИ 17.08-28.08 УНПК,ЛШ 2026 Очно МФТИ 17.08 - 28.08 (УНПК)
b04f3459-4365-83ad-1093-6a1fdfeba832,d205a658-ae79-65f9-191d-69dca3ebe216,ac568998-785b-a4d2-21b3-6a1fddb12690,written,,ФМ база,2026-06-03 11:01:09,2026-06-03 11:01:15,OCH_LSH_MFTI_UNPK_1708,УНПК,ЛШ очная МФТИ 17.08-28.08 УНПК,ЛШ 2026 Очно МФТИ 17.08 - 28.08 (УНПК)
3c4584dc-fb72-067d-f5e6-6a15ce4d0d2d,d205a658-ae79-65f9-191d-69dca3ebe216,aec470cc-67b3-7461-b0a7-6a15ce737066,written,,"ИИ, база",2026-05-26 19:48:50,2026-05-26 19:48:55,OCH_LSH_MFTI_UNPK_1708,УНПК,ЛШ очная МФТИ 17.08-28.08 УНПК,ЛШ 2026 Очно МФТИ 17.08 - 28.08 (УНПК)
4923c49c-8cec-1e48-a4d6-6a0db59aae12,d205a658-ae79-65f9-191d-69dca3ebe216,bae3e007-383a-a4df-9ba8-6a0db33007f1,written,,фм база начнут с 19 августа,2026-05-20 16:20:16,2026-05-20 16:20:25,OCH_LSH_MFTI_UNPK_1708,УНПК,ЛШ очная МФТИ 17.08-28.08 УНПК,ЛШ 2026 Очно МФТИ 17.08 - 28.08 (УНПК)
82ab76a4-3bd0-d565-09fa-69fb42a611f0,d205a658-ae79-65f9-191d-69dca3ebe216,bc37678c-5935-187c-aa53-669635bfe590,written,,фм 59500,2026-05-06 16:31:21,2026-05-06 16:31:26,OCH_LSH_MFTI_UNPK_1708,УНПК,ЛШ очная МФТИ 17.08-28.08 УНПК,ЛШ 2026 Очно МФТИ 17.08 - 28.08 (УНПК)
78372bc2-daea-54a6-b412-6a1b0d41e957,d205a658-ae79-65f9-191d-69dca3ebe216,bd0c995c-d1e9-2d30-a102-6a1b0c5b177e,written,,ФМ 99500,2026-05-30 19:18:55,2026-05-30 19:19:08,OCH_LSH_MFTI_UNPK_1708,УНПК,ЛШ очная МФТИ 17.08-28.08 УНПК,ЛШ 2026 Очно МФТИ 17.08 - 28.08 (УНПК)
b1e74b12-8db9-de4b-4ad1-6a218dfd31ab,d205a658-ae79-65f9-191d-69dca3ebe216,be295c6c-b962-1e37-13af-6a218dd94035,written,,ФМ база,2026-06-04 17:38:11,2026-06-04 17:38:17,OCH_LSH_MFTI_UNPK_1708,УНПК,ЛШ очная МФТИ 17.08-28.08 УНПК,ЛШ 2026 Очно МФТИ 17.08 - 28.08 (УНПК)
21642227-3343-7fbe-0847-6a01b3353021,d205a658-ae79-65f9-191d-69dca3ebe216,c1245723-2bee-6ef7-2a23-6a01b2ac1b2e,written,,фм 59500,2026-05-11 13:44:43,2026-05-11 13:44:48,OCH_LSH_MFTI_UNPK_1708,УНПК,ЛШ очная МФТИ 17.08-28.08 УНПК,ЛШ 2026 Очно МФТИ 17.08 - 28.08 (УНПК)
735bc6c0-3908-a771-127f-6a0f0742e0be,d205a658-ae79-65f9-191d-69dca3ebe216,c1fefba6-688a-5ee9-802d-6a0308bbe2f6,written,,"фм, база",2026-05-21 16:22:43,2026-05-21 16:22:49,OCH_LSH_MFTI_UNPK_1708,УНПК,ЛШ очная МФТИ 17.08-28.08 УНПК,ЛШ 2026 Очно МФТИ 17.08 - 28.08 (УНПК)
8ad80b8e-9508-0dfb-4640-69fc732f98ee,d205a658-ae79-65f9-191d-69dca3ebe216,c246b191-ac41-717a-0e40-6453891d8fdd,written,,"физмат, премиум 10",2026-05-07 14:12:30,2026-05-28 09:27:24,OCH_LSH_MFTI_UNPK_1708,УНПК,ЛШ очная МФТИ 17.08-28.08 УНПК,ЛШ 2026 Очно МФТИ 17.08 - 28.08 (УНПК)
6990756a-5a72-6e11-81f8-69f9f2c8b7cb,d205a658-ae79-65f9-191d-69dca3ebe216,c6027328-34e5-c0d7-d4ae-69f9f21efe3f,written,,"фм, премиум 10",2026-05-05 16:36:04,2026-05-06 11:21:16,OCH_LSH_MFTI_UNPK_1708,УНПК,ЛШ очная МФТИ 17.08-28.08 УНПК,ЛШ 2026 Очно МФТИ 17.08 - 28.08 (УНПК)
5c4f1187-7cfc-2597-c145-6a20112f00bf,d205a658-ae79-65f9-191d-69dca3ebe216,c6965f28-4a3f-50d7-04f1-65698e11fee5,written,,ФМ перм 10,2026-06-03 14:35:49,2026-06-03 14:35:54,OCH_LSH_MFTI_UNPK_1708,УНПК,ЛШ очная МФТИ 17.08-28.08 УНПК,ЛШ 2026 Очно МФТИ 17.08 - 28.08 (УНПК)
4e85fb6f-92ec-ba9c-df69-6a0444a249b0,d205a658-ae79-65f9-191d-69dca3ebe216,c717b97e-a9b4-55de-79c6-68bed019e4a6,written,,"фм, база",2026-04-29 14:54:13,2026-05-13 12:31:11,OCH_LSH_MFTI_UNPK_1708,УНПК,ЛШ очная МФТИ 17.08-28.08 УНПК,ЛШ 2026 Очно МФТИ 17.08 - 28.08 (УНПК)
886ab8d9-5356-8c50-22cd-6a0c47b309a5,d205a658-ae79-65f9-191d-69dca3ebe216,cf24db14-0aa7-a6a3-14b3-6a0c47732eb7,written,,ЛШ фм + проект ИИ 59500,2026-05-19 14:20:27,2026-05-19 14:20:43,OCH_LSH_MFTI_UNPK_1708,УНПК,ЛШ очная МФТИ 17.08-28.08 УНПК,ЛШ 2026 Очно МФТИ 17.08 - 28.08 (УНПК)
882a0afe-4074-a522-a499-6a0abf4c6902,d205a658-ae79-65f9-191d-69dca3ebe216,d4f268b8-0651-0606-9449-6a0abe1fe403,written,,ФМ база,2026-05-18 10:28:44,2026-05-26 15:53:17,OCH_LSH_MFTI_UNPK_1708,УНПК,ЛШ очная МФТИ 17.08-28.08 УНПК,ЛШ 2026 Очно МФТИ 17.08 - 28.08 (УНПК)
91e77577-e892-85e6-dc29-6a104dc442ca,d205a658-ae79-65f9-191d-69dca3ebe216,d64fee6b-5f71-6ee6-b4c3-683c26534792,written,,ИИ,2026-05-22 15:36:45,2026-05-22 15:36:56,OCH_LSH_MFTI_UNPK_1708,УНПК,ЛШ очная МФТИ 17.08-28.08 УНПК,ЛШ 2026 Очно МФТИ 17.08 - 28.08 (УНПК)
e6f79a27-8bd1-9ba0-de05-6a0add1b0f4b,d205a658-ae79-65f9-191d-69dca3ebe216,da5db616-05a2-f1bb-f816-5b6ed4d5d045,written,,ФМ база,2026-05-18 12:34:41,2026-05-18 12:34:48,OCH_LSH_MFTI_UNPK_1708,УНПК,ЛШ очная МФТИ 17.08-28.08 УНПК,ЛШ 2026 Очно МФТИ 17.08 - 28.08 (УНПК)
6f233032-015e-790f-4ac9-6a0881f544e6,d205a658-ae79-65f9-191d-69dca3ebe216,e02204e1-cc93-1c4d-9fe7-6a087f850738,written,,придержать место до конца смены в июле,2026-05-16 17:37:11,2026-05-16 17:37:25,OCH_LSH_MFTI_UNPK_1708,УНПК,ЛШ очная МФТИ 17.08-28.08 УНПК,ЛШ 2026 Очно МФТИ 17.08 - 28.08 (УНПК)
3c907901-c5ff-c749-03fb-6a1db9813483,d205a658-ae79-65f9-191d-69dca3ebe216,e7d8baa2-6d76-ad5c-009a-694ea3e3817d,written,,ФМ база,2026-06-01 19:54:45,2026-06-02 17:40:05,OCH_LSH_MFTI_UNPK_1708,УНПК,ЛШ очная МФТИ 17.08-28.08 УНПК,ЛШ 2026 Очно МФТИ 17.08 - 28.08 (УНПК)
946e2823-953d-93eb-b108-6a1861828b12,d205a658-ae79-65f9-191d-69dca3ebe216,e8271f5f-683e-47d9-a9d2-6a18613f575a,written,,ФМ+ проект ИИ,2026-05-28 18:38:59,2026-05-28 18:39:09,OCH_LSH_MFTI_UNPK_1708,УНПК,ЛШ очная МФТИ 17.08-28.08 УНПК,ЛШ 2026 Очно МФТИ 17.08 - 28.08 (УНПК)
554a7905-c216-6abf-a009-6a2017d43c5c,d205a658-ae79-65f9-191d-69dca3ebe216,e836ea2f-8706-3712-55ec-69fdb9e86c72,written,,ФМ база,2026-06-03 15:00:37,2026-06-03 15:00:42,OCH_LSH_MFTI_UNPK_1708,УНПК,ЛШ очная МФТИ 17.08-28.08 УНПК,ЛШ 2026 Очно МФТИ 17.08 - 28.08 (УНПК)
4fc8988e-0d35-5dc0-1243-6a0eb532bcf1,d205a658-ae79-65f9-191d-69dca3ebe216,e8f4454d-e048-1fff-eee1-6a0eab8c8f3d,written,,,2026-05-21 10:34:53,2026-05-21 10:34:53,OCH_LSH_MFTI_UNPK_1708,УНПК,ЛШ очная МФТИ 17.08-28.08 УНПК,ЛШ 2026 Очно МФТИ 17.08 - 28.08 (УНПК)
87daf5c0-5459-b515-a687-6a0d8ac36d8e,d205a658-ae79-65f9-191d-69dca3ebe216,eb4f06c1-eadc-6856-c85a-6a0d895c5057,written,,"фм, база",2026-05-20 13:18:50,2026-05-20 13:18:56,OCH_LSH_MFTI_UNPK_1708,УНПК,ЛШ очная МФТИ 17.08-28.08 УНПК,ЛШ 2026 Очно МФТИ 17.08 - 28.08 (УНПК)
6e7c89df-b2a0-9ffc-f49c-6a12c559d926,d205a658-ae79-65f9-191d-69dca3ebe216,ec34ec88-8ba8-1f9f-3f5b-6a12c4dcae74,written,,ФМ 59500,2026-05-24 12:30:34,2026-05-28 16:22:10,OCH_LSH_MFTI_UNPK_1708,УНПК,ЛШ очная МФТИ 17.08-28.08 УНПК,ЛШ 2026 Очно МФТИ 17.08 - 28.08 (УНПК)
e21d02d4-63b4-f257-277d-6a0adc2c8d54,d205a658-ae79-65f9-191d-69dca3ebe216,ef1e66c1-7f09-5c17-2af9-69f9ce33c848,written,,"физмат , база
хотят вместе с Костин Сергей обучаться",2026-05-18 12:33:37,2026-05-25 14:45:00,OCH_LSH_MFTI_UNPK_1708,УНПК,ЛШ очная МФТИ 17.08-28.08 УНПК,ЛШ 2026 Очно МФТИ 17.08 - 28.08 (УНПК)
20b5a936-f006-f2df-24e5-69f483036a8d,d205a658-ae79-65f9-191d-69dca3ebe216,f01b0ad0-b1cd-47cf-682d-69f483675ccb,written,,"ИИ, база",2026-05-01 13:41:11,2026-05-01 13:41:19,OCH_LSH_MFTI_UNPK_1708,УНПК,ЛШ очная МФТИ 17.08-28.08 УНПК,ЛШ 2026 Очно МФТИ 17.08 - 28.08 (УНПК)
