status,source_rel,trash_path,size_bytes,reason,error
moved_to_trash,stable_runtime/sales_master_export_20260521_after_mango_update_v1,/Users/dmitrijfabarisov/.Trash/mango_cleanup_batch2_intermediate_artifacts_20260523_011201/stable_runtime/sales_master_export_20260521_after_mango_update_v1,245956608,superseded runtime/export/gate layer; current runtime points to 20260521 v4,
moved_to_trash,stable_runtime/sales_master_export_20260521_after_mango_update_v2_generic_next_step_gate,/Users/dmitrijfabarisov/.Trash/mango_cleanup_batch2_intermediate_artifacts_20260523_011201/stable_runtime/sales_master_export_20260521_after_mango_update_v2_generic_next_step_gate,245956608,superseded runtime/export/gate layer; current runtime points to 20260521 v4,
moved_to_trash,stable_runtime/sales_master_export_20260521_after_mango_update_v3_runtime_acceptance,/Users/dmitrijfabarisov/.Trash/mango_cleanup_batch2_intermediate_artifacts_20260523_011201/stable_runtime/sales_master_export_20260521_after_mango_update_v3_runtime_acceptance,245956608,superseded runtime/export/gate layer; current runtime points to 20260521 v4,
moved_to_trash,stable_runtime/sales_master_export_20260516_after_mango_update_v1,/Users/dmitrijfabarisov/.Trash/mango_cleanup_batch2_intermediate_artifacts_20260523_011201/stable_runtime/sales_master_export_20260516_after_mango_update_v1,242147328,superseded runtime/export/gate layer; current runtime points to 20260521 v4,
moved_to_trash,stable_runtime/sales_master_export_20260510_after_quality_backfill_v5_crm_text_quality_strict,/Users/dmitrijfabarisov/.Trash/mango_cleanup_batch2_intermediate_artifacts_20260523_011201/stable_runtime/sales_master_export_20260510_after_quality_backfill_v5_crm_text_quality_strict,223973376,superseded runtime/export/gate layer; current runtime points to 20260521 v4,
moved_to_trash,stable_runtime/amo_writeback_queue_20260521_after_mango_update_v1,/Users/dmitrijfabarisov/.Trash/mango_cleanup_batch2_intermediate_artifacts_20260523_011201/stable_runtime/amo_writeback_queue_20260521_after_mango_update_v1,94208,superseded runtime/export/gate layer; current runtime points to 20260521 v4,
moved_to_trash,stable_runtime/amo_writeback_queue_20260521_after_mango_update_v2_generic_next_step_gate,/Users/dmitrijfabarisov/.Trash/mango_cleanup_batch2_intermediate_artifacts_20260523_011201/stable_runtime/amo_writeback_queue_20260521_after_mango_update_v2_generic_next_step_gate,69632,superseded runtime/export/gate layer; current runtime points to 20260521 v4,
moved_to_trash,stable_runtime/amo_writeback_queue_20260521_after_mango_update_v3_runtime_acceptance,/Users/dmitrijfabarisov/.Trash/mango_cleanup_batch2_intermediate_artifacts_20260523_011201/stable_runtime/amo_writeback_queue_20260521_after_mango_update_v3_runtime_acceptance,69632,superseded runtime/export/gate layer; current runtime points to 20260521 v4,
moved_to_trash,stable_runtime/crm_writeback_quality_gate_20260521_after_mango_update_v1,/Users/dmitrijfabarisov/.Trash/mango_cleanup_batch2_intermediate_artifacts_20260523_011201/stable_runtime/crm_writeback_quality_gate_20260521_after_mango_update_v1,86016,superseded runtime/export/gate layer; current runtime points to 20260521 v4,
moved_to_trash,stable_runtime/crm_writeback_quality_gate_20260521_after_mango_update_v2_generic_next_step_gate,/Users/dmitrijfabarisov/.Trash/mango_cleanup_batch2_intermediate_artifacts_20260523_011201/stable_runtime/crm_writeback_quality_gate_20260521_after_mango_update_v2_generic_next_step_gate,81920,superseded runtime/export/gate layer; current runtime points to 20260521 v4,
moved_to_trash,stable_runtime/crm_writeback_quality_gate_20260521_after_mango_update_v3_runtime_acceptance,/Users/dmitrijfabarisov/.Trash/mango_cleanup_batch2_intermediate_artifacts_20260523_011201/stable_runtime/crm_writeback_quality_gate_20260521_after_mango_update_v3_runtime_acceptance,77824,superseded runtime/export/gate layer; current runtime points to 20260521 v4,
moved_to_trash,stable_runtime/crm_writeback_quality_gate_20260516_after_mango_update_v1,/Users/dmitrijfabarisov/.Trash/mango_cleanup_batch2_intermediate_artifacts_20260523_011201/stable_runtime/crm_writeback_quality_gate_20260516_after_mango_update_v1,98304,superseded runtime/export/gate layer; current runtime points to 20260521 v4,
moved_to_trash,stable_runtime/insight_readiness_report_after_mango_update_20260516_v1,/Users/dmitrijfabarisov/.Trash/mango_cleanup_batch2_intermediate_artifacts_20260523_011201/stable_runtime/insight_readiness_report_after_mango_update_20260516_v1,107331584,superseded runtime/export/gate layer; current runtime points to 20260521 v4,
moved_to_trash,stable_runtime/insight_readiness_report_after_quality_backfill_20260510_v1,/Users/dmitrijfabarisov/.Trash/mango_cleanup_batch2_intermediate_artifacts_20260523_011201/stable_runtime/insight_readiness_report_after_quality_backfill_20260510_v1,113975296,superseded runtime/export/gate layer; current runtime points to 20260521 v4,
moved_to_trash,stable_runtime/insight_readiness_report_20260507,/Users/dmitrijfabarisov/.Trash/mango_cleanup_batch2_intermediate_artifacts_20260523_011201/stable_runtime/insight_readiness_report_20260507,114438144,superseded runtime/export/gate layer; current runtime points to 20260521 v4,
moved_to_trash,stable_runtime/sales_master_export_20260513_human_history_v1,/Users/dmitrijfabarisov/.Trash/mango_cleanup_batch2_intermediate_artifacts_20260523_011201/stable_runtime/sales_master_export_20260513_human_history_v1,337281024,old human-history export; v8_normalized is the only referenced old layer,
moved_to_trash,stable_runtime/sales_master_export_20260513_human_history_v2,/Users/dmitrijfabarisov/.Trash/mango_cleanup_batch2_intermediate_artifacts_20260523_011201/stable_runtime/sales_master_export_20260513_human_history_v2,317059072,old human-history export; v8_normalized is the only referenced old layer,
moved_to_trash,stable_runtime/sales_master_export_20260513_human_history_v3,/Users/dmitrijfabarisov/.Trash/mango_cleanup_batch2_intermediate_artifacts_20260523_011201/stable_runtime/sales_master_export_20260513_human_history_v3,310001664,old human-history export; v8_normalized is the only referenced old layer,
moved_to_trash,stable_runtime/sales_master_export_20260513_human_history_v4,/Users/dmitrijfabarisov/.Trash/mango_cleanup_batch2_intermediate_artifacts_20260523_011201/stable_runtime/sales_master_export_20260513_human_history_v4,307912704,old human-history export; v8_normalized is the only referenced old layer,
moved_to_trash,stable_runtime/sales_master_export_20260513_human_history_v5,/Users/dmitrijfabarisov/.Trash/mango_cleanup_batch2_intermediate_artifacts_20260523_011201/stable_runtime/sales_master_export_20260513_human_history_v5,307884032,old human-history export; v8_normalized is the only referenced old layer,
moved_to_trash,stable_runtime/sales_master_export_20260513_human_history_v6,/Users/dmitrijfabarisov/.Trash/mango_cleanup_batch2_intermediate_artifacts_20260523_011201/stable_runtime/sales_master_export_20260513_human_history_v6,307884032,old human-history export; v8_normalized is the only referenced old layer,
moved_to_trash,stable_runtime/sales_master_export_20260513_human_history_v7,/Users/dmitrijfabarisov/.Trash/mango_cleanup_batch2_intermediate_artifacts_20260523_011201/stable_runtime/sales_master_export_20260513_human_history_v7,307884032,old human-history export; v8_normalized is the only referenced old layer,
moved_to_trash,stable_runtime/canonical_master_20260509_v1,/Users/dmitrijfabarisov/.Trash/mango_cleanup_batch2_intermediate_artifacts_20260523_011201/stable_runtime/canonical_master_20260509_v1,47185920,old canonical shell after canonical DB cleanup; current canonical is 20260521,
moved_to_trash,stable_runtime/canonical_master_20260510_after_quality_backfill_v1,/Users/dmitrijfabarisov/.Trash/mango_cleanup_batch2_intermediate_artifacts_20260523_011201/stable_runtime/canonical_master_20260510_after_quality_backfill_v1,47149056,old canonical shell after canonical DB cleanup; current canonical is 20260521,
moved_to_trash,stable_runtime/canonical_master_20260516_after_mango_update_v1,/Users/dmitrijfabarisov/.Trash/mango_cleanup_batch2_intermediate_artifacts_20260523_011201/stable_runtime/canonical_master_20260516_after_mango_update_v1,4096,old canonical shell after canonical DB cleanup; current canonical is 20260521,
moved_to_trash,stable_runtime/canonical_master_20260517_after_mango_asr_only_v1,/Users/dmitrijfabarisov/.Trash/mango_cleanup_batch2_intermediate_artifacts_20260523_011201/stable_runtime/canonical_master_20260517_after_mango_asr_only_v1,8192,old canonical shell after canonical DB cleanup; current canonical is 20260521,
moved_to_trash,stable_runtime/ab_tests,/Users/dmitrijfabarisov/.Trash/mango_cleanup_batch2_intermediate_artifacts_20260523_011201/stable_runtime/ab_tests,733659136,old research/audit/intermediate transcript quality artifact; rules are now in code/tests and current gates,
moved_to_trash,stable_runtime/non_conversation_hard_gate_owner_dry_run_20260509_v4_live_safeguards,/Users/dmitrijfabarisov/.Trash/mango_cleanup_batch2_intermediate_artifacts_20260523_011201/stable_runtime/non_conversation_hard_gate_owner_dry_run_20260509_v4_live_safeguards,254439424,old research/audit/intermediate transcript quality artifact; rules are now in code/tests and current gates,
moved_to_trash,stable_runtime/non_conversation_hard_gate_owner_dry_run_20260509_v5_gpt_policy_preview,/Users/dmitrijfabarisov/.Trash/mango_cleanup_batch2_intermediate_artifacts_20260523_011201/stable_runtime/non_conversation_hard_gate_owner_dry_run_20260509_v5_gpt_policy_preview,269709312,old research/audit/intermediate transcript quality artifact; rules are now in code/tests and current gates,
moved_to_trash,stable_runtime/non_conversation_hard_gate_backup_manifest_20260509_phase7,/Users/dmitrijfabarisov/.Trash/mango_cleanup_batch2_intermediate_artifacts_20260523_011201/stable_runtime/non_conversation_hard_gate_backup_manifest_20260509_phase7,109301760,old research/audit/intermediate transcript quality artifact; rules are now in code/tests and current gates,
moved_to_trash,stable_runtime/transcript_quality_pipeline_v2_risky_3298_m4_20260509_0445,/Users/dmitrijfabarisov/.Trash/mango_cleanup_batch2_intermediate_artifacts_20260523_011201/stable_runtime/transcript_quality_pipeline_v2_risky_3298_m4_20260509_0445,130412544,old research/audit/intermediate transcript quality artifact; rules are now in code/tests and current gates,
moved_to_trash,stable_runtime/transcript_quality_adversarial_audit_20260509,/Users/dmitrijfabarisov/.Trash/mango_cleanup_batch2_intermediate_artifacts_20260523_011201/stable_runtime/transcript_quality_adversarial_audit_20260509,82997248,old research/audit/intermediate transcript quality artifact; rules are now in code/tests and current gates,
moved_to_trash,stable_runtime/transcript_quality_guardrails_v2_all_20260509_043621,/Users/dmitrijfabarisov/.Trash/mango_cleanup_batch2_intermediate_artifacts_20260523_011201/stable_runtime/transcript_quality_guardrails_v2_all_20260509_043621,73887744,old research/audit/intermediate transcript quality artifact; rules are now in code/tests and current gates,
moved_to_trash,stable_runtime/transcript_quality_guardrails_dry_run_20260509,/Users/dmitrijfabarisov/.Trash/mango_cleanup_batch2_intermediate_artifacts_20260523_011201/stable_runtime/transcript_quality_guardrails_dry_run_20260509,70905856,old research/audit/intermediate transcript quality artifact; rules are now in code/tests and current gates,
moved_to_trash,stable_runtime/transcript_quality_guardrails_after_backfill_20260509,/Users/dmitrijfabarisov/.Trash/mango_cleanup_batch2_intermediate_artifacts_20260523_011201/stable_runtime/transcript_quality_guardrails_after_backfill_20260509,66703360,old research/audit/intermediate transcript quality artifact; rules are now in code/tests and current gates,
moved_to_trash,stable_runtime/transcript_quality_disputed_review_v2_all_20260509_0440,/Users/dmitrijfabarisov/.Trash/mango_cleanup_batch2_intermediate_artifacts_20260523_011201/stable_runtime/transcript_quality_disputed_review_v2_all_20260509_0440,52899840,old research/audit/intermediate transcript quality artifact; rules are now in code/tests and current gates,
moved_to_trash,stable_runtime/transcript_quality_disputed_review_20260509,/Users/dmitrijfabarisov/.Trash/mango_cleanup_batch2_intermediate_artifacts_20260523_011201/stable_runtime/transcript_quality_disputed_review_20260509,38191104,old research/audit/intermediate transcript quality artifact; rules are now in code/tests and current gates,
moved_to_trash,stable_runtime/transcript_quality_pipeline_pilot_1000_20260509,/Users/dmitrijfabarisov/.Trash/mango_cleanup_batch2_intermediate_artifacts_20260523_011201/stable_runtime/transcript_quality_pipeline_pilot_1000_20260509,31715328,old research/audit/intermediate transcript quality artifact; rules are now in code/tests and current gates,
moved_to_trash,stable_runtime/transcript_quality_pipeline_live_1000_20260509,/Users/dmitrijfabarisov/.Trash/mango_cleanup_batch2_intermediate_artifacts_20260523_011201/stable_runtime/transcript_quality_pipeline_live_1000_20260509,30216192,old research/audit/intermediate transcript quality artifact; rules are now in code/tests and current gates,
moved_to_trash,stable_runtime/deal_aware_stage1_snapshot_20260513_v1,/Users/dmitrijfabarisov/.Trash/mango_cleanup_batch2_intermediate_artifacts_20260523_011201/stable_runtime/deal_aware_stage1_snapshot_20260513_v1,396517376,old deal-aware intermediate; selector_fix_phase2/final accepted layers retained,
moved_to_trash,stable_runtime/deal_aware_stage1_snapshot_20260513_v2,/Users/dmitrijfabarisov/.Trash/mango_cleanup_batch2_intermediate_artifacts_20260523_011201/stable_runtime/deal_aware_stage1_snapshot_20260513_v2,396517376,old deal-aware intermediate; selector_fix_phase2/final accepted layers retained,
moved_to_trash,stable_runtime/deal_aware_stage2_attribution_20260513_v1,/Users/dmitrijfabarisov/.Trash/mango_cleanup_batch2_intermediate_artifacts_20260523_011201/stable_runtime/deal_aware_stage2_attribution_20260513_v1,339394560,old deal-aware intermediate; selector_fix_phase2/final accepted layers retained,
moved_to_trash,stable_runtime/deal_aware_stage2_attribution_20260513_v2,/Users/dmitrijfabarisov/.Trash/mango_cleanup_batch2_intermediate_artifacts_20260523_011201/stable_runtime/deal_aware_stage2_attribution_20260513_v2,333832192,old deal-aware intermediate; selector_fix_phase2/final accepted layers retained,
moved_to_trash,stable_runtime/deal_aware_stage3_deal_state_20260513_v1,/Users/dmitrijfabarisov/.Trash/mango_cleanup_batch2_intermediate_artifacts_20260523_011201/stable_runtime/deal_aware_stage3_deal_state_20260513_v1,426622976,old deal-aware intermediate; selector_fix_phase2/final accepted layers retained,
moved_to_trash,stable_runtime/deal_aware_stage3_deal_state_20260514_selector_fix_phase1,/Users/dmitrijfabarisov/.Trash/mango_cleanup_batch2_intermediate_artifacts_20260523_011201/stable_runtime/deal_aware_stage3_deal_state_20260514_selector_fix_phase1,430034944,old deal-aware intermediate; selector_fix_phase2/final accepted layers retained,
moved_to_trash,stable_runtime/deal_aware_stage4_preview_20260513_v1,/Users/dmitrijfabarisov/.Trash/mango_cleanup_batch2_intermediate_artifacts_20260523_011201/stable_runtime/deal_aware_stage4_preview_20260513_v1,24100864,old deal-aware intermediate; selector_fix_phase2/final accepted layers retained,
moved_to_trash,stable_runtime/deal_aware_stage4_preview_20260513_rop_iter01,/Users/dmitrijfabarisov/.Trash/mango_cleanup_batch2_intermediate_artifacts_20260523_011201/stable_runtime/deal_aware_stage4_preview_20260513_rop_iter01,23891968,old deal-aware intermediate; selector_fix_phase2/final accepted layers retained,
moved_to_trash,stable_runtime/deal_aware_stage4_preview_20260513_rop_iter02,/Users/dmitrijfabarisov/.Trash/mango_cleanup_batch2_intermediate_artifacts_20260523_011201/stable_runtime/deal_aware_stage4_preview_20260513_rop_iter02,23977984,old deal-aware intermediate; selector_fix_phase2/final accepted layers retained,
moved_to_trash,stable_runtime/deal_aware_stage4_preview_20260513_rop_iter03,/Users/dmitrijfabarisov/.Trash/mango_cleanup_batch2_intermediate_artifacts_20260523_011201/stable_runtime/deal_aware_stage4_preview_20260513_rop_iter03,23621632,old deal-aware intermediate; selector_fix_phase2/final accepted layers retained,
moved_to_trash,stable_runtime/deal_aware_stage4_preview_20260514_iter01,/Users/dmitrijfabarisov/.Trash/mango_cleanup_batch2_intermediate_artifacts_20260523_011201/stable_runtime/deal_aware_stage4_preview_20260514_iter01,23322624,old deal-aware intermediate; selector_fix_phase2/final accepted layers retained,
moved_to_trash,stable_runtime/deal_aware_stage4_preview_20260514_selector_fix_phase1,/Users/dmitrijfabarisov/.Trash/mango_cleanup_batch2_intermediate_artifacts_20260523_011201/stable_runtime/deal_aware_stage4_preview_20260514_selector_fix_phase1,27893760,old deal-aware intermediate; selector_fix_phase2/final accepted layers retained,
moved_to_trash,stable_runtime/deal_aware_stage5_quality_gate_20260513_v1,/Users/dmitrijfabarisov/.Trash/mango_cleanup_batch2_intermediate_artifacts_20260523_011201/stable_runtime/deal_aware_stage5_quality_gate_20260513_v1,29634560,old deal-aware intermediate; selector_fix_phase2/final accepted layers retained,
moved_to_trash,stable_runtime/deal_aware_stage5_quality_gate_20260513_rop_iter01,/Users/dmitrijfabarisov/.Trash/mango_cleanup_batch2_intermediate_artifacts_20260523_011201/stable_runtime/deal_aware_stage5_quality_gate_20260513_rop_iter01,29347840,old deal-aware intermediate; selector_fix_phase2/final accepted layers retained,
moved_to_trash,stable_runtime/deal_aware_stage5_quality_gate_20260513_rop_iter02,/Users/dmitrijfabarisov/.Trash/mango_cleanup_batch2_intermediate_artifacts_20260523_011201/stable_runtime/deal_aware_stage5_quality_gate_20260513_rop_iter02,29421568,old deal-aware intermediate; selector_fix_phase2/final accepted layers retained,
moved_to_trash,stable_runtime/deal_aware_stage5_quality_gate_20260513_rop_iter03,/Users/dmitrijfabarisov/.Trash/mango_cleanup_batch2_intermediate_artifacts_20260523_011201/stable_runtime/deal_aware_stage5_quality_gate_20260513_rop_iter03,29020160,old deal-aware intermediate; selector_fix_phase2/final accepted layers retained,
moved_to_trash,stable_runtime/deal_aware_stage5_quality_gate_20260514_iter01,/Users/dmitrijfabarisov/.Trash/mango_cleanup_batch2_intermediate_artifacts_20260523_011201/stable_runtime/deal_aware_stage5_quality_gate_20260514_iter01,28663808,old deal-aware intermediate; selector_fix_phase2/final accepted layers retained,
moved_to_trash,stable_runtime/deal_aware_stage5_quality_gate_20260514_selector_fix_phase1,/Users/dmitrijfabarisov/.Trash/mango_cleanup_batch2_intermediate_artifacts_20260523_011201/stable_runtime/deal_aware_stage5_quality_gate_20260514_selector_fix_phase1,34430976,old deal-aware intermediate; selector_fix_phase2/final accepted layers retained,
moved_to_trash,stable_runtime/deal_aware_stage6_writeback_preflight_20260513_v1,/Users/dmitrijfabarisov/.Trash/mango_cleanup_batch2_intermediate_artifacts_20260523_011201/stable_runtime/deal_aware_stage6_writeback_preflight_20260513_v1,29552640,old deal-aware intermediate; selector_fix_phase2/final accepted layers retained,
moved_to_trash,stable_runtime/deal_aware_stage6_writeback_preflight_20260513_rop_iter01,/Users/dmitrijfabarisov/.Trash/mango_cleanup_batch2_intermediate_artifacts_20260523_011201/stable_runtime/deal_aware_stage6_writeback_preflight_20260513_rop_iter01,27893760,old deal-aware intermediate; selector_fix_phase2/final accepted layers retained,
moved_to_trash,stable_runtime/deal_aware_stage6_writeback_preflight_20260513_rop_iter02,/Users/dmitrijfabarisov/.Trash/mango_cleanup_batch2_intermediate_artifacts_20260523_011201/stable_runtime/deal_aware_stage6_writeback_preflight_20260513_rop_iter02,28069888,old deal-aware intermediate; selector_fix_phase2/final accepted layers retained,
moved_to_trash,stable_runtime/deal_aware_stage6_writeback_preflight_20260513_rop_iter03,/Users/dmitrijfabarisov/.Trash/mango_cleanup_batch2_intermediate_artifacts_20260523_011201/stable_runtime/deal_aware_stage6_writeback_preflight_20260513_rop_iter03,27570176,old deal-aware intermediate; selector_fix_phase2/final accepted layers retained,
moved_to_trash,stable_runtime/deal_aware_stage6_writeback_preflight_20260514_iter01,/Users/dmitrijfabarisov/.Trash/mango_cleanup_batch2_intermediate_artifacts_20260523_011201/stable_runtime/deal_aware_stage6_writeback_preflight_20260514_iter01,27238400,old deal-aware intermediate; selector_fix_phase2/final accepted layers retained,
moved_to_trash,stable_runtime/deal_aware_stage6_writeback_preflight_20260514_selector_fix_phase1,/Users/dmitrijfabarisov/.Trash/mango_cleanup_batch2_intermediate_artifacts_20260523_011201/stable_runtime/deal_aware_stage6_writeback_preflight_20260514_selector_fix_phase1,31899648,old deal-aware intermediate; selector_fix_phase2/final accepted layers retained,
moved_to_trash,stable_runtime/deal_aware_stage709_review_20260514_v1,/Users/dmitrijfabarisov/.Trash/mango_cleanup_batch2_intermediate_artifacts_20260523_011201/stable_runtime/deal_aware_stage709_review_20260514_v1,44933120,old deal-aware intermediate; selector_fix_phase2/final accepted layers retained,
moved_to_trash,stable_runtime/deal_aware_stage709_review_20260514_iter01,/Users/dmitrijfabarisov/.Trash/mango_cleanup_batch2_intermediate_artifacts_20260523_011201/stable_runtime/deal_aware_stage709_review_20260514_iter01,44232704,old deal-aware intermediate; selector_fix_phase2/final accepted layers retained,
moved_to_trash,stable_runtime/deal_aware_stage709_review_20260514_selector_fix_phase1,/Users/dmitrijfabarisov/.Trash/mango_cleanup_batch2_intermediate_artifacts_20260523_011201/stable_runtime/deal_aware_stage709_review_20260514_selector_fix_phase1,51109888,old deal-aware intermediate; selector_fix_phase2/final accepted layers retained,
moved_to_trash,product_data/customer_timeline/canonical_readonly_20260521_v1,/Users/dmitrijfabarisov/.Trash/mango_cleanup_batch2_intermediate_artifacts_20260523_011201/product_data/customer_timeline/canonical_readonly_20260521_v1,84303872,old customer timeline build/sample; canonical_readonly_20260521_v5 retained,
moved_to_trash,product_data/customer_timeline/canonical_readonly_20260521_v2,/Users/dmitrijfabarisov/.Trash/mango_cleanup_batch2_intermediate_artifacts_20260523_011201/product_data/customer_timeline/canonical_readonly_20260521_v2,84623360,old customer timeline build/sample; canonical_readonly_20260521_v5 retained,
moved_to_trash,product_data/customer_timeline/canonical_readonly_20260521_v3,/Users/dmitrijfabarisov/.Trash/mango_cleanup_batch2_intermediate_artifacts_20260523_011201/product_data/customer_timeline/canonical_readonly_20260521_v3,84439040,old customer timeline build/sample; canonical_readonly_20260521_v5 retained,
moved_to_trash,product_data/customer_timeline/canonical_readonly_20260521_v4,/Users/dmitrijfabarisov/.Trash/mango_cleanup_batch2_intermediate_artifacts_20260523_011201/product_data/customer_timeline/canonical_readonly_20260521_v4,84180992,old customer timeline build/sample; canonical_readonly_20260521_v5 retained,
moved_to_trash,product_data/customer_timeline/contact_control_sample_20260516,/Users/dmitrijfabarisov/.Trash/mango_cleanup_batch2_intermediate_artifacts_20260523_011201/product_data/customer_timeline/contact_control_sample_20260516,20267008,old customer timeline build/sample; canonical_readonly_20260521_v5 retained,
moved_to_trash,product_data/customer_timeline/contact_control_sample_20260516_v2,/Users/dmitrijfabarisov/.Trash/mango_cleanup_batch2_intermediate_artifacts_20260523_011201/product_data/customer_timeline/contact_control_sample_20260516_v2,12210176,old customer timeline build/sample; canonical_readonly_20260521_v5 retained,
moved_to_trash,product_data/customer_timeline/contact_control_sample_20260516_v3,/Users/dmitrijfabarisov/.Trash/mango_cleanup_batch2_intermediate_artifacts_20260523_011201/product_data/customer_timeline/contact_control_sample_20260516_v3,12210176,old customer timeline build/sample; canonical_readonly_20260521_v5 retained,
moved_to_trash,product_data/customer_timeline/contact_control_sample_hard_20260516_032348,/Users/dmitrijfabarisov/.Trash/mango_cleanup_batch2_intermediate_artifacts_20260523_011201/product_data/customer_timeline/contact_control_sample_hard_20260516_032348,21200896,old customer timeline build/sample; canonical_readonly_20260521_v5 retained,
moved_to_trash,product_data/customer_timeline/deal_aware_sample_20260515,/Users/dmitrijfabarisov/.Trash/mango_cleanup_batch2_intermediate_artifacts_20260523_011201/product_data/customer_timeline/deal_aware_sample_20260515,34369536,old customer timeline build/sample; canonical_readonly_20260521_v5 retained,
moved_to_trash,product_data/knowledge_base/full_kb_20260517_v1,/Users/dmitrijfabarisov/.Trash/mango_cleanup_batch2_intermediate_artifacts_20260523_011201/product_data/knowledge_base/full_kb_20260517_v1,17199104,old KB release/build; current v6_3 family retained,
moved_to_trash,product_data/knowledge_base/kb_night_20260517_v1,/Users/dmitrijfabarisov/.Trash/mango_cleanup_batch2_intermediate_artifacts_20260523_011201/product_data/knowledge_base/kb_night_20260517_v1,3436544,old KB release/build; current v6_3 family retained,
moved_to_trash,product_data/knowledge_base/kb_release_20260517_v1,/Users/dmitrijfabarisov/.Trash/mango_cleanup_batch2_intermediate_artifacts_20260523_011201/product_data/knowledge_base/kb_release_20260517_v1,90783744,old KB release/build; current v6_3 family retained,
moved_to_trash,product_data/knowledge_base/kb_release_20260517_v1_agent_pack,/Users/dmitrijfabarisov/.Trash/mango_cleanup_batch2_intermediate_artifacts_20260523_011201/product_data/knowledge_base/kb_release_20260517_v1_agent_pack,90820608,old KB release/build; current v6_3 family retained,
moved_to_trash,product_data/knowledge_base/kb_release_20260517_v2,/Users/dmitrijfabarisov/.Trash/mango_cleanup_batch2_intermediate_artifacts_20260523_011201/product_data/knowledge_base/kb_release_20260517_v2,11776000,old KB release/build; current v6_3 family retained,
moved_to_trash,product_data/knowledge_base/kb_release_20260517_v2_agent_pack,/Users/dmitrijfabarisov/.Trash/mango_cleanup_batch2_intermediate_artifacts_20260523_011201/product_data/knowledge_base/kb_release_20260517_v2_agent_pack,9240576,old KB release/build; current v6_3 family retained,
moved_to_trash,product_data/knowledge_base/kb_release_20260517_v2_handoff_for_claude_and_team,/Users/dmitrijfabarisov/.Trash/mango_cleanup_batch2_intermediate_artifacts_20260523_011201/product_data/knowledge_base/kb_release_20260517_v2_handoff_for_claude_and_team,20254720,old KB release/build; current v6_3 family retained,
moved_to_trash,product_data/knowledge_base/kb_release_20260518_v3,/Users/dmitrijfabarisov/.Trash/mango_cleanup_batch2_intermediate_artifacts_20260523_011201/product_data/knowledge_base/kb_release_20260518_v3,20942848,old KB release/build; current v6_3 family retained,
moved_to_trash,product_data/knowledge_base/kb_release_20260518_v3_2,/Users/dmitrijfabarisov/.Trash/mango_cleanup_batch2_intermediate_artifacts_20260523_011201/product_data/knowledge_base/kb_release_20260518_v3_2,12029952,old KB release/build; current v6_3 family retained,
moved_to_trash,product_data/knowledge_base/kb_release_20260518_v3_2_bot_pack,/Users/dmitrijfabarisov/.Trash/mango_cleanup_batch2_intermediate_artifacts_20260523_011201/product_data/knowledge_base/kb_release_20260518_v3_2_bot_pack,13688832,old KB release/build; current v6_3 family retained,
moved_to_trash,product_data/knowledge_base/kb_release_20260518_v3_2_employee_pack,/Users/dmitrijfabarisov/.Trash/mango_cleanup_batch2_intermediate_artifacts_20260523_011201/product_data/knowledge_base/kb_release_20260518_v3_2_employee_pack,409600,old KB release/build; current v6_3 family retained,
moved_to_trash,product_data/knowledge_base/kb_release_20260518_v3_2_handoff_for_claude_and_team,/Users/dmitrijfabarisov/.Trash/mango_cleanup_batch2_intermediate_artifacts_20260523_011201/product_data/knowledge_base/kb_release_20260518_v3_2_handoff_for_claude_and_team,11628544,old KB release/build; current v6_3 family retained,
moved_to_trash,product_data/knowledge_base/kb_release_20260518_v3_2_smoke50_codex,/Users/dmitrijfabarisov/.Trash/mango_cleanup_batch2_intermediate_artifacts_20260523_011201/product_data/knowledge_base/kb_release_20260518_v3_2_smoke50_codex,589824,old KB release/build; current v6_3 family retained,
moved_to_trash,product_data/knowledge_base/kb_release_20260518_v3_2_smoke50_fake,/Users/dmitrijfabarisov/.Trash/mango_cleanup_batch2_intermediate_artifacts_20260523_011201/product_data/knowledge_base/kb_release_20260518_v3_2_smoke50_fake,229376,old KB release/build; current v6_3 family retained,
moved_to_trash,product_data/knowledge_base/kb_release_20260518_v3_2_smoke50_input,/Users/dmitrijfabarisov/.Trash/mango_cleanup_batch2_intermediate_artifacts_20260523_011201/product_data/knowledge_base/kb_release_20260518_v3_2_smoke50_input,114688,old KB release/build; current v6_3 family retained,
moved_to_trash,product_data/knowledge_base/kb_release_20260518_v3_3,/Users/dmitrijfabarisov/.Trash/mango_cleanup_batch2_intermediate_artifacts_20260523_011201/product_data/knowledge_base/kb_release_20260518_v3_3,13033472,old KB release/build; current v6_3 family retained,
moved_to_trash,product_data/knowledge_base/kb_release_20260518_v3_3_bot_pack,/Users/dmitrijfabarisov/.Trash/mango_cleanup_batch2_intermediate_artifacts_20260523_011201/product_data/knowledge_base/kb_release_20260518_v3_3_bot_pack,7421952,old KB release/build; current v6_3 family retained,
moved_to_trash,product_data/knowledge_base/kb_release_20260518_v3_3_employee_pack,/Users/dmitrijfabarisov/.Trash/mango_cleanup_batch2_intermediate_artifacts_20260523_011201/product_data/knowledge_base/kb_release_20260518_v3_3_employee_pack,520192,old KB release/build; current v6_3 family retained,
moved_to_trash,product_data/knowledge_base/kb_release_20260518_v3_3_handoff_for_claude_and_team,/Users/dmitrijfabarisov/.Trash/mango_cleanup_batch2_intermediate_artifacts_20260523_011201/product_data/knowledge_base/kb_release_20260518_v3_3_handoff_for_claude_and_team,12447744,old KB release/build; current v6_3 family retained,
moved_to_trash,product_data/knowledge_base/kb_release_20260518_v3_3_smoke20_codex,/Users/dmitrijfabarisov/.Trash/mango_cleanup_batch2_intermediate_artifacts_20260523_011201/product_data/knowledge_base/kb_release_20260518_v3_3_smoke20_codex,483328,old KB release/build; current v6_3 family retained,
moved_to_trash,product_data/knowledge_base/kb_release_20260518_v3_3_smoke20_fake,/Users/dmitrijfabarisov/.Trash/mango_cleanup_batch2_intermediate_artifacts_20260523_011201/product_data/knowledge_base/kb_release_20260518_v3_3_smoke20_fake,299008,old KB release/build; current v6_3 family retained,
moved_to_trash,product_data/knowledge_base/kb_release_20260518_v3_handoff_for_claude_and_team,/Users/dmitrijfabarisov/.Trash/mango_cleanup_batch2_intermediate_artifacts_20260523_011201/product_data/knowledge_base/kb_release_20260518_v3_handoff_for_claude_and_team,11628544,old KB release/build; current v6_3 family retained,
moved_to_trash,product_data/knowledge_base/kb_release_20260520_v4,/Users/dmitrijfabarisov/.Trash/mango_cleanup_batch2_intermediate_artifacts_20260523_011201/product_data/knowledge_base/kb_release_20260520_v4,13828096,old KB release/build; current v6_3 family retained,
moved_to_trash,product_data/knowledge_base/kb_release_20260520_v4_bot_pack,/Users/dmitrijfabarisov/.Trash/mango_cleanup_batch2_intermediate_artifacts_20260523_011201/product_data/knowledge_base/kb_release_20260520_v4_bot_pack,7901184,old KB release/build; current v6_3 family retained,
moved_to_trash,product_data/knowledge_base/kb_release_20260520_v4_employee_pack,/Users/dmitrijfabarisov/.Trash/mango_cleanup_batch2_intermediate_artifacts_20260523_011201/product_data/knowledge_base/kb_release_20260520_v4_employee_pack,565248,old KB release/build; current v6_3 family retained,
moved_to_trash,product_data/knowledge_base/kb_release_20260520_v4_handoff_for_claude_and_team,/Users/dmitrijfabarisov/.Trash/mango_cleanup_batch2_intermediate_artifacts_20260523_011201/product_data/knowledge_base/kb_release_20260520_v4_handoff_for_claude_and_team,13209600,old KB release/build; current v6_3 family retained,
moved_to_trash,product_data/knowledge_base/kb_release_20260520_v4_smoke_small_codex,/Users/dmitrijfabarisov/.Trash/mango_cleanup_batch2_intermediate_artifacts_20260523_011201/product_data/knowledge_base/kb_release_20260520_v4_smoke_small_codex,802816,old KB release/build; current v6_3 family retained,
moved_to_trash,product_data/knowledge_base/kb_release_20260520_v4_smoke_small_input,/Users/dmitrijfabarisov/.Trash/mango_cleanup_batch2_intermediate_artifacts_20260523_011201/product_data/knowledge_base/kb_release_20260520_v4_smoke_small_input,32768,old KB release/build; current v6_3 family retained,
moved_to_trash,product_data/knowledge_base/kb_release_20260520_v6_1_team_answers,/Users/dmitrijfabarisov/.Trash/mango_cleanup_batch2_intermediate_artifacts_20260523_011201/product_data/knowledge_base/kb_release_20260520_v6_1_team_answers,13836288,old KB release/build; current v6_3 family retained,
moved_to_trash,product_data/knowledge_base/kb_release_20260520_v6_1_team_answers_bot_pack,/Users/dmitrijfabarisov/.Trash/mango_cleanup_batch2_intermediate_artifacts_20260523_011201/product_data/knowledge_base/kb_release_20260520_v6_1_team_answers_bot_pack,7921664,old KB release/build; current v6_3 family retained,
moved_to_trash,product_data/knowledge_base/kb_release_20260520_v6_1_team_answers_employee_pack,/Users/dmitrijfabarisov/.Trash/mango_cleanup_batch2_intermediate_artifacts_20260523_011201/product_data/knowledge_base/kb_release_20260520_v6_1_team_answers_employee_pack,561152,old KB release/build; current v6_3 family retained,
moved_to_trash,product_data/knowledge_base/kb_release_20260520_v6_1_team_answers_handoff_for_claude_and_team,/Users/dmitrijfabarisov/.Trash/mango_cleanup_batch2_intermediate_artifacts_20260523_011201/product_data/knowledge_base/kb_release_20260520_v6_1_team_answers_handoff_for_claude_and_team,13209600,old KB release/build; current v6_3 family retained,
moved_to_trash,product_data/knowledge_base/kb_release_20260520_v6_1_team_answers_smoke_not_run,/Users/dmitrijfabarisov/.Trash/mango_cleanup_batch2_intermediate_artifacts_20260523_011201/product_data/knowledge_base/kb_release_20260520_v6_1_team_answers_smoke_not_run,8192,old KB release/build; current v6_3 family retained,
moved_to_trash,product_data/knowledge_base/kb_release_20260520_v6_1_team_answers_sources,/Users/dmitrijfabarisov/.Trash/mango_cleanup_batch2_intermediate_artifacts_20260523_011201/product_data/knowledge_base/kb_release_20260520_v6_1_team_answers_sources,307200,old KB release/build; current v6_3 family retained,
moved_to_trash,product_data/knowledge_base/kb_release_20260520_v6_2_team_answers,/Users/dmitrijfabarisov/.Trash/mango_cleanup_batch2_intermediate_artifacts_20260523_011201/product_data/knowledge_base/kb_release_20260520_v6_2_team_answers,13840384,old KB release/build; current v6_3 family retained,
moved_to_trash,product_data/knowledge_base/kb_release_20260520_v6_2_team_answers_bot_pack,/Users/dmitrijfabarisov/.Trash/mango_cleanup_batch2_intermediate_artifacts_20260523_011201/product_data/knowledge_base/kb_release_20260520_v6_2_team_answers_bot_pack,7921664,old KB release/build; current v6_3 family retained,
moved_to_trash,product_data/knowledge_base/kb_release_20260520_v6_2_team_answers_employee_pack,/Users/dmitrijfabarisov/.Trash/mango_cleanup_batch2_intermediate_artifacts_20260523_011201/product_data/knowledge_base/kb_release_20260520_v6_2_team_answers_employee_pack,561152,old KB release/build; current v6_3 family retained,
moved_to_trash,product_data/knowledge_base/kb_release_20260520_v6_2_team_answers_handoff_for_claude_and_team,/Users/dmitrijfabarisov/.Trash/mango_cleanup_batch2_intermediate_artifacts_20260523_011201/product_data/knowledge_base/kb_release_20260520_v6_2_team_answers_handoff_for_claude_and_team,13205504,old KB release/build; current v6_3 family retained,
moved_to_trash,product_data/knowledge_base/kb_release_20260520_v6_2_team_answers_smoke_not_run,/Users/dmitrijfabarisov/.Trash/mango_cleanup_batch2_intermediate_artifacts_20260523_011201/product_data/knowledge_base/kb_release_20260520_v6_2_team_answers_smoke_not_run,8192,old KB release/build; current v6_3 family retained,
moved_to_trash,product_data/knowledge_base/kb_release_20260520_v6_2_team_answers_sources,/Users/dmitrijfabarisov/.Trash/mango_cleanup_batch2_intermediate_artifacts_20260523_011201/product_data/knowledge_base/kb_release_20260520_v6_2_team_answers_sources,307200,old KB release/build; current v6_3 family retained,
moved_to_trash,Mango_Bot_KB_FINAL_v3_3_2026-05-19,/Users/dmitrijfabarisov/.Trash/mango_cleanup_batch2_intermediate_artifacts_20260523_011201/Mango_Bot_KB_FINAL_v3_3_2026-05-19,33984512,old root KB output; latest v6_3 retained,
moved_to_trash,Mango_Bot_KB_FINAL_v6_1_2026-05-20,/Users/dmitrijfabarisov/.Trash/mango_cleanup_batch2_intermediate_artifacts_20260523_011201/Mango_Bot_KB_FINAL_v6_1_2026-05-20,19214336,old root KB output; latest v6_3 retained,
moved_to_trash,Mango_Bot_KB_FINAL_v6_2_2026-05-20,/Users/dmitrijfabarisov/.Trash/mango_cleanup_batch2_intermediate_artifacts_20260523_011201/Mango_Bot_KB_FINAL_v6_2_2026-05-20,19218432,old root KB output; latest v6_3 retained,
moved_to_trash,Claude Mango_Bot_Knowledge_Base_FINAL_2026-05-17,/Users/dmitrijfabarisov/.Trash/mango_cleanup_batch2_intermediate_artifacts_20260523_011201/Claude Mango_Bot_Knowledge_Base_FINAL_2026-05-17,6578176,old root KB output; latest v6_3 retained,
moved_to_trash,audits/_inbox/amo_duplicate_after_staff_done_20260511_v1,/Users/dmitrijfabarisov/.Trash/mango_cleanup_batch2_intermediate_artifacts_20260523_011201/audits/_inbox/amo_duplicate_after_staff_done_20260511_v1,233472,old audit inbox input pack; audit results/docs retained,
moved_to_trash,audits/_inbox/amo_duplicate_post_merge_recheck_gate_20260511_v1,/Users/dmitrijfabarisov/.Trash/mango_cleanup_batch2_intermediate_artifacts_20260523_011201/audits/_inbox/amo_duplicate_post_merge_recheck_gate_20260511_v1,204800,old audit inbox input pack; audit results/docs retained,
moved_to_trash,audits/_inbox/amo_duplicate_resolution_20260511_v1,/Users/dmitrijfabarisov/.Trash/mango_cleanup_batch2_intermediate_artifacts_20260523_011201/audits/_inbox/amo_duplicate_resolution_20260511_v1,139264,old audit inbox input pack; audit results/docs retained,
moved_to_trash,audits/_inbox/amo_duplicate_staff_tasks_20260511_v1,/Users/dmitrijfabarisov/.Trash/mango_cleanup_batch2_intermediate_artifacts_20260523_011201/audits/_inbox/amo_duplicate_staff_tasks_20260511_v1,200704,old audit inbox input pack; audit results/docs retained,
moved_to_trash,audits/_inbox/amo_manual_resolution_after_xlsx_20260511_v1,/Users/dmitrijfabarisov/.Trash/mango_cleanup_batch2_intermediate_artifacts_20260523_011201/audits/_inbox/amo_manual_resolution_after_xlsx_20260511_v1,225280,old audit inbox input pack; audit results/docs retained,
moved_to_trash,audits/_inbox/amo_manual_resolution_operator_status_20260511_v1,/Users/dmitrijfabarisov/.Trash/mango_cleanup_batch2_intermediate_artifacts_20260523_011201/audits/_inbox/amo_manual_resolution_operator_status_20260511_v1,880640,old audit inbox input pack; audit results/docs retained,
moved_to_trash,audits/_inbox/amo_post_backfill_writeback_20260510_v5_product_gate,/Users/dmitrijfabarisov/.Trash/mango_cleanup_batch2_intermediate_artifacts_20260523_011201/audits/_inbox/amo_post_backfill_writeback_20260510_v5_product_gate,3567616,old audit inbox input pack; audit results/docs retained,
moved_to_trash,audits/_inbox/amo_stage100_batch2_orphan_resolved_preflight_20260512_v1,/Users/dmitrijfabarisov/.Trash/mango_cleanup_batch2_intermediate_artifacts_20260523_011201/audits/_inbox/amo_stage100_batch2_orphan_resolved_preflight_20260512_v1,4419584,old audit inbox input pack; audit results/docs retained,
moved_to_trash,audits/_inbox/amo_stage100_orphan_resolved_preflight_20260512_v1,/Users/dmitrijfabarisov/.Trash/mango_cleanup_batch2_intermediate_artifacts_20260523_011201/audits/_inbox/amo_stage100_orphan_resolved_preflight_20260512_v1,4014080,old audit inbox input pack; audit results/docs retained,
moved_to_trash,audits/_inbox/amo_stage200_batch3_orphan_resolved_preflight_20260512_v1,/Users/dmitrijfabarisov/.Trash/mango_cleanup_batch2_intermediate_artifacts_20260523_011201/audits/_inbox/amo_stage200_batch3_orphan_resolved_preflight_20260512_v1,2756608,old audit inbox input pack; audit results/docs retained,
moved_to_trash,audits/_inbox/amo_stage40_live20_readback_remaining20_20260510_v1,/Users/dmitrijfabarisov/.Trash/mango_cleanup_batch2_intermediate_artifacts_20260523_011201/audits/_inbox/amo_stage40_live20_readback_remaining20_20260510_v1,512000,old audit inbox input pack; audit results/docs retained,
moved_to_trash,audits/_inbox/amo_stage50_stage86_preflight_blocked_20260511_v1,/Users/dmitrijfabarisov/.Trash/mango_cleanup_batch2_intermediate_artifacts_20260523_011201/audits/_inbox/amo_stage50_stage86_preflight_blocked_20260511_v1,45056,old audit inbox input pack; audit results/docs retained,
moved_to_trash,audits/_inbox/amo_stage51_live_script_preflight_20260512_v1,/Users/dmitrijfabarisov/.Trash/mango_cleanup_batch2_intermediate_artifacts_20260523_011201/audits/_inbox/amo_stage51_live_script_preflight_20260512_v1,974848,old audit inbox input pack; audit results/docs retained,
moved_to_trash,audits/_inbox/amo_stage51_summary_repair_preflight_20260512_v1,/Users/dmitrijfabarisov/.Trash/mango_cleanup_batch2_intermediate_artifacts_20260523_011201/audits/_inbox/amo_stage51_summary_repair_preflight_20260512_v1,512000,old audit inbox input pack; audit results/docs retained,
moved_to_trash,audits/_inbox/amo_stage51_textarea_repair_preflight_20260512_v2,/Users/dmitrijfabarisov/.Trash/mango_cleanup_batch2_intermediate_artifacts_20260523_011201/audits/_inbox/amo_stage51_textarea_repair_preflight_20260512_v2,630784,old audit inbox input pack; audit results/docs retained,
moved_to_trash,audits/_inbox/amo_stage54_post_oauth_dryrun_20260511_v1,/Users/dmitrijfabarisov/.Trash/mango_cleanup_batch2_intermediate_artifacts_20260523_011201/audits/_inbox/amo_stage54_post_oauth_dryrun_20260511_v1,999424,old audit inbox input pack; audit results/docs retained,
moved_to_trash,audits/_inbox/amo_stage55_post_oauth_dryrun_20260511_v1,/Users/dmitrijfabarisov/.Trash/mango_cleanup_batch2_intermediate_artifacts_20260523_011201/audits/_inbox/amo_stage55_post_oauth_dryrun_20260511_v1,929792,old audit inbox input pack; audit results/docs retained,
moved_to_trash,audits/_inbox/amo_tallanto_live_recheck_10rows_20260516_043415,/Users/dmitrijfabarisov/.Trash/mango_cleanup_batch2_intermediate_artifacts_20260523_011201/audits/_inbox/amo_tallanto_live_recheck_10rows_20260516_043415,57344,old audit inbox input pack; audit results/docs retained,
moved_to_trash,audits/_inbox/amo_tallanto_live_recheck_10rows_fast_20260516_043801,/Users/dmitrijfabarisov/.Trash/mango_cleanup_batch2_intermediate_artifacts_20260523_011201/audits/_inbox/amo_tallanto_live_recheck_10rows_fast_20260516_043801,86016,old audit inbox input pack; audit results/docs retained,
moved_to_trash,audits/_inbox/amo_tallanto_snapshot_recheck_10rows_20260516_044344,/Users/dmitrijfabarisov/.Trash/mango_cleanup_batch2_intermediate_artifacts_20260523_011201/audits/_inbox/amo_tallanto_snapshot_recheck_10rows_20260516_044344,28672,old audit inbox input pack; audit results/docs retained,
moved_to_trash,audits/_inbox/amo_waiting_autonomous_work_20260511_v1,/Users/dmitrijfabarisov/.Trash/mango_cleanup_batch2_intermediate_artifacts_20260523_011201/audits/_inbox/amo_waiting_autonomous_work_20260511_v1,1556480,old audit inbox input pack; audit results/docs retained,
moved_to_trash,audits/_inbox/amo_waiting_network_dryrun_20260511_v1,/Users/dmitrijfabarisov/.Trash/mango_cleanup_batch2_intermediate_artifacts_20260523_011201/audits/_inbox/amo_waiting_network_dryrun_20260511_v1,303104,old audit inbox input pack; audit results/docs retained,
moved_to_trash,audits/_inbox/amo_waiting_network_dryrun_20260511_v2,/Users/dmitrijfabarisov/.Trash/mango_cleanup_batch2_intermediate_artifacts_20260523_011201/audits/_inbox/amo_waiting_network_dryrun_20260511_v2,475136,old audit inbox input pack; audit results/docs retained,
moved_to_trash,audits/_inbox/amo_writeback_f008_closure_20260510,/Users/dmitrijfabarisov/.Trash/mango_cleanup_batch2_intermediate_artifacts_20260523_011201/audits/_inbox/amo_writeback_f008_closure_20260510,1519616,old audit inbox input pack; audit results/docs retained,
moved_to_trash,audits/_inbox/amo_writeback_production_loop_20260510_v1,/Users/dmitrijfabarisov/.Trash/mango_cleanup_batch2_intermediate_artifacts_20260523_011201/audits/_inbox/amo_writeback_production_loop_20260510_v1,4096,old audit inbox input pack; audit results/docs retained,
moved_to_trash,audits/_inbox/amo_writeback_stage1_completion_20260510_v1,/Users/dmitrijfabarisov/.Trash/mango_cleanup_batch2_intermediate_artifacts_20260523_011201/audits/_inbox/amo_writeback_stage1_completion_20260510_v1,454656,old audit inbox input pack; audit results/docs retained,
moved_to_trash,audits/_inbox/audio_store_downstream_switch_20260516_v1,/Users/dmitrijfabarisov/.Trash/mango_cleanup_batch2_intermediate_artifacts_20260523_011201/audits/_inbox/audio_store_downstream_switch_20260516_v1,614400,old audit inbox input pack; audit results/docs retained,
moved_to_trash,audits/_inbox/canonical_audio_store_20260516_v1,/Users/dmitrijfabarisov/.Trash/mango_cleanup_batch2_intermediate_artifacts_20260523_011201/audits/_inbox/canonical_audio_store_20260516_v1,20250624,old audit inbox input pack; audit results/docs retained,
moved_to_trash,audits/_inbox/channel_product_storage_20260511,/Users/dmitrijfabarisov/.Trash/mango_cleanup_batch2_intermediate_artifacts_20260523_011201/audits/_inbox/channel_product_storage_20260511,12288,old audit inbox input pack; audit results/docs retained,
moved_to_trash,audits/_inbox/claude_cli_kb_review_20260518T195004Z,/Users/dmitrijfabarisov/.Trash/mango_cleanup_batch2_intermediate_artifacts_20260523_011201/audits/_inbox/claude_cli_kb_review_20260518T195004Z,16384,old audit inbox input pack; audit results/docs retained,
moved_to_trash,audits/_inbox/claude_cli_kb_review_20260518T210642Z,/Users/dmitrijfabarisov/.Trash/mango_cleanup_batch2_intermediate_artifacts_20260523_011201/audits/_inbox/claude_cli_kb_review_20260518T210642Z,12288,old audit inbox input pack; audit results/docs retained,
moved_to_trash,audits/_inbox/claude_cli_kb_review_20260518T2148Z,/Users/dmitrijfabarisov/.Trash/mango_cleanup_batch2_intermediate_artifacts_20260523_011201/audits/_inbox/claude_cli_kb_review_20260518T2148Z,12288,old audit inbox input pack; audit results/docs retained,
moved_to_trash,audits/_inbox/claude_cli_kb_review_20260518T224634,/Users/dmitrijfabarisov/.Trash/mango_cleanup_batch2_intermediate_artifacts_20260523_011201/audits/_inbox/claude_cli_kb_review_20260518T224634,16384,old audit inbox input pack; audit results/docs retained,
moved_to_trash,audits/_inbox/claude_cli_kb_review_20260518T2343,/Users/dmitrijfabarisov/.Trash/mango_cleanup_batch2_intermediate_artifacts_20260523_011201/audits/_inbox/claude_cli_kb_review_20260518T2343,20480,old audit inbox input pack; audit results/docs retained,
moved_to_trash,audits/_inbox/claude_cli_kb_review_20260518T2350,/Users/dmitrijfabarisov/.Trash/mango_cleanup_batch2_intermediate_artifacts_20260523_011201/audits/_inbox/claude_cli_kb_review_20260518T2350,0,old audit inbox input pack; audit results/docs retained,
moved_to_trash,audits/_inbox/claude_cli_kb_review_20260518_2058_v3_3_bot_pack,/Users/dmitrijfabarisov/.Trash/mango_cleanup_batch2_intermediate_artifacts_20260523_011201/audits/_inbox/claude_cli_kb_review_20260518_2058_v3_3_bot_pack,12288,old audit inbox input pack; audit results/docs retained,
moved_to_trash,audits/_inbox/claude_cli_kb_review_20260519_0008_v3_3_final,/Users/dmitrijfabarisov/.Trash/mango_cleanup_batch2_intermediate_artifacts_20260523_011201/audits/_inbox/claude_cli_kb_review_20260519_0008_v3_3_final,4096,old audit inbox input pack; audit results/docs retained,
moved_to_trash,audits/_inbox/claude_cli_kb_review_20260519_002912,/Users/dmitrijfabarisov/.Trash/mango_cleanup_batch2_intermediate_artifacts_20260523_011201/audits/_inbox/claude_cli_kb_review_20260519_002912,16384,old audit inbox input pack; audit results/docs retained,
moved_to_trash,audits/_inbox/claude_cli_kb_review_20260519_0032_v3_3_after_notes,/Users/dmitrijfabarisov/.Trash/mango_cleanup_batch2_intermediate_artifacts_20260523_011201/audits/_inbox/claude_cli_kb_review_20260519_0032_v3_3_after_notes,4096,old audit inbox input pack; audit results/docs retained,
moved_to_trash,audits/_inbox/claude_cli_kb_review_20260519_003617,/Users/dmitrijfabarisov/.Trash/mango_cleanup_batch2_intermediate_artifacts_20260523_011201/audits/_inbox/claude_cli_kb_review_20260519_003617,16384,old audit inbox input pack; audit results/docs retained,
moved_to_trash,audits/_inbox/claude_cli_kb_review_20260519_0050_v3_3_final_after_all_fixes,/Users/dmitrijfabarisov/.Trash/mango_cleanup_batch2_intermediate_artifacts_20260523_011201/audits/_inbox/claude_cli_kb_review_20260519_0050_v3_3_final_after_all_fixes,4096,old audit inbox input pack; audit results/docs retained,
moved_to_trash,audits/_inbox/claude_cli_review_setup_20260518_225242,/Users/dmitrijfabarisov/.Trash/mango_cleanup_batch2_intermediate_artifacts_20260523_011201/audits/_inbox/claude_cli_review_setup_20260518_225242,28672,old audit inbox input pack; audit results/docs retained,
moved_to_trash,audits/_inbox/claude_smoke_test_20260513,/Users/dmitrijfabarisov/.Trash/mango_cleanup_batch2_intermediate_artifacts_20260523_011201/audits/_inbox/claude_smoke_test_20260513,8192,old audit inbox input pack; audit results/docs retained,
moved_to_trash,audits/_inbox/crm_text_quality_stage20_20260510_v1,/Users/dmitrijfabarisov/.Trash/mango_cleanup_batch2_intermediate_artifacts_20260523_011201/audits/_inbox/crm_text_quality_stage20_20260510_v1,405504,old audit inbox input pack; audit results/docs retained,
moved_to_trash,audits/_inbox/crm_text_quality_stage69_preflight_20260510_v1,/Users/dmitrijfabarisov/.Trash/mango_cleanup_batch2_intermediate_artifacts_20260523_011201/audits/_inbox/crm_text_quality_stage69_preflight_20260510_v1,39223296,old audit inbox input pack; audit results/docs retained,
moved_to_trash,audits/_inbox/crm_writeback_defect_classes_20260510_v1,/Users/dmitrijfabarisov/.Trash/mango_cleanup_batch2_intermediate_artifacts_20260523_011201/audits/_inbox/crm_writeback_defect_classes_20260510_v1,8028160,old audit inbox input pack; audit results/docs retained,
moved_to_trash,audits/_inbox/customer_timeline_100_phone_coverage_20260515_175607,/Users/dmitrijfabarisov/.Trash/mango_cleanup_batch2_intermediate_artifacts_20260523_011201/audits/_inbox/customer_timeline_100_phone_coverage_20260515_175607,561152,old audit inbox input pack; audit results/docs retained,
moved_to_trash,audits/_inbox/customer_timeline_contact_control_sample_20260516_030000,/Users/dmitrijfabarisov/.Trash/mango_cleanup_batch2_intermediate_artifacts_20260523_011201/audits/_inbox/customer_timeline_contact_control_sample_20260516_030000,634880,old audit inbox input pack; audit results/docs retained,
moved_to_trash,audits/_inbox/customer_timeline_hard_control_sample_20260516_033500,/Users/dmitrijfabarisov/.Trash/mango_cleanup_batch2_intermediate_artifacts_20260523_011201/audits/_inbox/customer_timeline_hard_control_sample_20260516_033500,1142784,old audit inbox input pack; audit results/docs retained,
moved_to_trash,audits/_inbox/customer_timeline_local_import_20260515_191000,/Users/dmitrijfabarisov/.Trash/mango_cleanup_batch2_intermediate_artifacts_20260523_011201/audits/_inbox/customer_timeline_local_import_20260515_191000,208896,old audit inbox input pack; audit results/docs retained,
moved_to_trash,audits/_inbox/deal_aware_iterative_improvement_plan_20260514_v1,/Users/dmitrijfabarisov/.Trash/mango_cleanup_batch2_intermediate_artifacts_20260523_011201/audits/_inbox/deal_aware_iterative_improvement_plan_20260514_v1,8192,old audit inbox input pack; audit results/docs retained,
moved_to_trash,audits/_inbox/deal_aware_next_plan_review_20260513_v1,/Users/dmitrijfabarisov/.Trash/mango_cleanup_batch2_intermediate_artifacts_20260523_011201/audits/_inbox/deal_aware_next_plan_review_20260513_v1,32768,old audit inbox input pack; audit results/docs retained,
moved_to_trash,audits/_inbox/deal_aware_preview_50_20260512_v1,/Users/dmitrijfabarisov/.Trash/mango_cleanup_batch2_intermediate_artifacts_20260523_011201/audits/_inbox/deal_aware_preview_50_20260512_v1,770048,old audit inbox input pack; audit results/docs retained,
moved_to_trash,audits/_inbox/deal_aware_preview_50_20260512_v2,/Users/dmitrijfabarisov/.Trash/mango_cleanup_batch2_intermediate_artifacts_20260523_011201/audits/_inbox/deal_aware_preview_50_20260512_v2,774144,old audit inbox input pack; audit results/docs retained,
moved_to_trash,audits/_inbox/deal_aware_preview_50_20260512_v3,/Users/dmitrijfabarisov/.Trash/mango_cleanup_batch2_intermediate_artifacts_20260523_011201/audits/_inbox/deal_aware_preview_50_20260512_v3,774144,old audit inbox input pack; audit results/docs retained,
moved_to_trash,audits/_inbox/deal_aware_preview_50_20260512_v4,/Users/dmitrijfabarisov/.Trash/mango_cleanup_batch2_intermediate_artifacts_20260523_011201/audits/_inbox/deal_aware_preview_50_20260512_v4,745472,old audit inbox input pack; audit results/docs retained,
moved_to_trash,audits/_inbox/deal_aware_preview_active_50_20260513_v1,/Users/dmitrijfabarisov/.Trash/mango_cleanup_batch2_intermediate_artifacts_20260523_011201/audits/_inbox/deal_aware_preview_active_50_20260513_v1,32768,old audit inbox input pack; audit results/docs retained,
moved_to_trash,audits/_inbox/deal_aware_selector_fix_phase1_20260514,/Users/dmitrijfabarisov/.Trash/mango_cleanup_batch2_intermediate_artifacts_20260523_011201/audits/_inbox/deal_aware_selector_fix_phase1_20260514,278528,old audit inbox input pack; audit results/docs retained,
moved_to_trash,audits/_inbox/deal_aware_selector_fix_phase2_20260514,/Users/dmitrijfabarisov/.Trash/mango_cleanup_batch2_intermediate_artifacts_20260523_011201/audits/_inbox/deal_aware_selector_fix_phase2_20260514,1007616,old audit inbox input pack; audit results/docs retained,
moved_to_trash,audits/_inbox/deal_aware_stage100_iter01_20260514,/Users/dmitrijfabarisov/.Trash/mango_cleanup_batch2_intermediate_artifacts_20260523_011201/audits/_inbox/deal_aware_stage100_iter01_20260514,28606464,old audit inbox input pack; audit results/docs retained,
moved_to_trash,audits/_inbox/deal_aware_stage100_rowlevel_audit_20260514_v1,/Users/dmitrijfabarisov/.Trash/mango_cleanup_batch2_intermediate_artifacts_20260523_011201/audits/_inbox/deal_aware_stage100_rowlevel_audit_20260514_v1,643072,old audit inbox input pack; audit results/docs retained,
moved_to_trash,audits/_inbox/deal_aware_stage100_rowlevel_iter01_20260514,/Users/dmitrijfabarisov/.Trash/mango_cleanup_batch2_intermediate_artifacts_20260523_011201/audits/_inbox/deal_aware_stage100_rowlevel_iter01_20260514,811008,old audit inbox input pack; audit results/docs retained,
moved_to_trash,audits/_inbox/deal_aware_stage100_stratified_preview_20260514_v1,/Users/dmitrijfabarisov/.Trash/mango_cleanup_batch2_intermediate_artifacts_20260523_011201/audits/_inbox/deal_aware_stage100_stratified_preview_20260514_v1,29220864,old audit inbox input pack; audit results/docs retained,
moved_to_trash,audits/_inbox/deal_aware_stage100_stratified_preview_20260514_v2_slim,/Users/dmitrijfabarisov/.Trash/mango_cleanup_batch2_intermediate_artifacts_20260523_011201/audits/_inbox/deal_aware_stage100_stratified_preview_20260514_v2_slim,1769472,old audit inbox input pack; audit results/docs retained,
moved_to_trash,audits/_inbox/deal_aware_stage100_stratified_preview_20260514_v3_after_claude_fixes,/Users/dmitrijfabarisov/.Trash/mango_cleanup_batch2_intermediate_artifacts_20260523_011201/audits/_inbox/deal_aware_stage100_stratified_preview_20260514_v3_after_claude_fixes,1748992,old audit inbox input pack; audit results/docs retained,
moved_to_trash,audits/_inbox/deal_aware_stage1_5_chain_micro_20260513_v1,/Users/dmitrijfabarisov/.Trash/mango_cleanup_batch2_intermediate_artifacts_20260523_011201/audits/_inbox/deal_aware_stage1_5_chain_micro_20260513_v1,868352,old audit inbox input pack; audit results/docs retained,
moved_to_trash,audits/_inbox/deal_aware_stage20_post_live_20260513_v1,/Users/dmitrijfabarisov/.Trash/mango_cleanup_batch2_intermediate_artifacts_20260523_011201/audits/_inbox/deal_aware_stage20_post_live_20260513_v1,290816,old audit inbox input pack; audit results/docs retained,
moved_to_trash,audits/_inbox/deal_aware_stage20_rop_iter01_20260513,/Users/dmitrijfabarisov/.Trash/mango_cleanup_batch2_intermediate_artifacts_20260523_011201/audits/_inbox/deal_aware_stage20_rop_iter01_20260513,176128,old audit inbox input pack; audit results/docs retained,
moved_to_trash,audits/_inbox/deal_aware_stage20_rop_iter02_20260513,/Users/dmitrijfabarisov/.Trash/mango_cleanup_batch2_intermediate_artifacts_20260523_011201/audits/_inbox/deal_aware_stage20_rop_iter02_20260513,180224,old audit inbox input pack; audit results/docs retained,
moved_to_trash,audits/_inbox/deal_aware_stage20_rop_iter03_20260513,/Users/dmitrijfabarisov/.Trash/mango_cleanup_batch2_intermediate_artifacts_20260523_011201/audits/_inbox/deal_aware_stage20_rop_iter03_20260513,176128,old audit inbox input pack; audit results/docs retained,
moved_to_trash,audits/_inbox/deal_aware_stage20_rop_precheck_20260513_v1,/Users/dmitrijfabarisov/.Trash/mango_cleanup_batch2_intermediate_artifacts_20260523_011201/audits/_inbox/deal_aware_stage20_rop_precheck_20260513_v1,176128,old audit inbox input pack; audit results/docs retained,
moved_to_trash,audits/_inbox/deal_aware_stage4_preview_20260513_v1,/Users/dmitrijfabarisov/.Trash/mango_cleanup_batch2_intermediate_artifacts_20260523_011201/audits/_inbox/deal_aware_stage4_preview_20260513_v1,13762560,old audit inbox input pack; audit results/docs retained,
moved_to_trash,audits/_inbox/deal_aware_stage4_preview_micro_20260513_v1,/Users/dmitrijfabarisov/.Trash/mango_cleanup_batch2_intermediate_artifacts_20260523_011201/audits/_inbox/deal_aware_stage4_preview_micro_20260513_v1,651264,old audit inbox input pack; audit results/docs retained,
moved_to_trash,audits/_inbox/deal_aware_stage4_preview_slim_20260513_v1,/Users/dmitrijfabarisov/.Trash/mango_cleanup_batch2_intermediate_artifacts_20260523_011201/audits/_inbox/deal_aware_stage4_preview_slim_20260513_v1,3162112,old audit inbox input pack; audit results/docs retained,
moved_to_trash,audits/_inbox/deal_aware_stage5_quality_gate_20260513_v1,/Users/dmitrijfabarisov/.Trash/mango_cleanup_batch2_intermediate_artifacts_20260523_011201/audits/_inbox/deal_aware_stage5_quality_gate_20260513_v1,15822848,old audit inbox input pack; audit results/docs retained,
moved_to_trash,audits/_inbox/deal_aware_stage5_quality_gate_slim_20260513_v1,/Users/dmitrijfabarisov/.Trash/mango_cleanup_batch2_intermediate_artifacts_20260523_011201/audits/_inbox/deal_aware_stage5_quality_gate_slim_20260513_v1,2301952,old audit inbox input pack; audit results/docs retained,
moved_to_trash,audits/_inbox/deal_aware_stage6_writeback_preflight_micro_20260513_v1,/Users/dmitrijfabarisov/.Trash/mango_cleanup_batch2_intermediate_artifacts_20260523_011201/audits/_inbox/deal_aware_stage6_writeback_preflight_micro_20260513_v1,2215936,old audit inbox input pack; audit results/docs retained,
moved_to_trash,audits/_inbox/deal_aware_stage6_writeback_preflight_nano_20260513_v1,/Users/dmitrijfabarisov/.Trash/mango_cleanup_batch2_intermediate_artifacts_20260523_011201/audits/_inbox/deal_aware_stage6_writeback_preflight_nano_20260513_v1,69632,old audit inbox input pack; audit results/docs retained,
moved_to_trash,audits/_inbox/deal_aware_stage709_20260514_selector_fix_phase1,/Users/dmitrijfabarisov/.Trash/mango_cleanup_batch2_intermediate_artifacts_20260523_011201/audits/_inbox/deal_aware_stage709_20260514_selector_fix_phase1,33701888,old audit inbox input pack; audit results/docs retained,
moved_to_trash,audits/_inbox/deal_aware_stage709_20260514_selector_fix_phase2,/Users/dmitrijfabarisov/.Trash/mango_cleanup_batch2_intermediate_artifacts_20260523_011201/audits/_inbox/deal_aware_stage709_20260514_selector_fix_phase2,26214400,old audit inbox input pack; audit results/docs retained,
moved_to_trash,audits/_inbox/deal_aware_stage709_all_batches_20260514_v1,/Users/dmitrijfabarisov/.Trash/mango_cleanup_batch2_intermediate_artifacts_20260523_011201/audits/_inbox/deal_aware_stage709_all_batches_20260514_v1,8773632,old audit inbox input pack; audit results/docs retained,
moved_to_trash,audits/_inbox/deal_aware_writeback_batch1_20260514_v1,/Users/dmitrijfabarisov/.Trash/mango_cleanup_batch2_intermediate_artifacts_20260523_011201/audits/_inbox/deal_aware_writeback_batch1_20260514_v1,2211840,old audit inbox input pack; audit results/docs retained,
moved_to_trash,audits/_inbox/deal_aware_writeback_batch1_20260514_v2,/Users/dmitrijfabarisov/.Trash/mango_cleanup_batch2_intermediate_artifacts_20260523_011201/audits/_inbox/deal_aware_writeback_batch1_20260514_v2,1933312,old audit inbox input pack; audit results/docs retained,
moved_to_trash,audits/_inbox/deal_aware_writeback_batch1_allow60_20260514_v1,/Users/dmitrijfabarisov/.Trash/mango_cleanup_batch2_intermediate_artifacts_20260523_011201/audits/_inbox/deal_aware_writeback_batch1_allow60_20260514_v1,1748992,old audit inbox input pack; audit results/docs retained,
moved_to_trash,audits/_inbox/for_claude_kb_release_v32_semantic_smoke_20260518_220609,/Users/dmitrijfabarisov/.Trash/mango_cleanup_batch2_intermediate_artifacts_20260523_011201/audits/_inbox/for_claude_kb_release_v32_semantic_smoke_20260518_220609,11841536,old audit inbox input pack; audit results/docs retained,
moved_to_trash,audits/_inbox/for_claude_kb_semantic_final_review_20260518_145156,/Users/dmitrijfabarisov/.Trash/mango_cleanup_batch2_intermediate_artifacts_20260523_011201/audits/_inbox/for_claude_kb_semantic_final_review_20260518_145156,8425472,old audit inbox input pack; audit results/docs retained,
moved_to_trash,audits/_inbox/full_kc_knowledge_base_20260517_v1,/Users/dmitrijfabarisov/.Trash/mango_cleanup_batch2_intermediate_artifacts_20260523_011201/audits/_inbox/full_kc_knowledge_base_20260517_v1,20480,old audit inbox input pack; audit results/docs retained,
moved_to_trash,audits/_inbox/gold_dialogues_paid_after_calls_20260521_v1,/Users/dmitrijfabarisov/.Trash/mango_cleanup_batch2_intermediate_artifacts_20260523_011201/audits/_inbox/gold_dialogues_paid_after_calls_20260521_v1,262144,old audit inbox input pack; audit results/docs retained,
moved_to_trash,audits/_inbox/kc_final_release_20260517_v1,/Users/dmitrijfabarisov/.Trash/mango_cleanup_batch2_intermediate_artifacts_20260523_011201/audits/_inbox/kc_final_release_20260517_v1,20480,old audit inbox input pack; audit results/docs retained,
moved_to_trash,audits/_inbox/kc_knowledge_facts_pilot_20260516_161003,/Users/dmitrijfabarisov/.Trash/mango_cleanup_batch2_intermediate_artifacts_20260523_011201/audits/_inbox/kc_knowledge_facts_pilot_20260516_161003,20480,old audit inbox input pack; audit results/docs retained,
moved_to_trash,audits/_inbox/mango_asr_integration_20260517_v1,/Users/dmitrijfabarisov/.Trash/mango_cleanup_batch2_intermediate_artifacts_20260523_011201/audits/_inbox/mango_asr_integration_20260517_v1,20480,old audit inbox input pack; audit results/docs retained,
moved_to_trash,audits/_inbox/mango_audio_update_20260516_v1,/Users/dmitrijfabarisov/.Trash/mango_cleanup_batch2_intermediate_artifacts_20260523_011201/audits/_inbox/mango_audio_update_20260516_v1,57344,old audit inbox input pack; audit results/docs retained,
moved_to_trash,audits/_inbox/mango_calls_update_20260516_v1,/Users/dmitrijfabarisov/.Trash/mango_cleanup_batch2_intermediate_artifacts_20260523_011201/audits/_inbox/mango_calls_update_20260516_v1,24576,old audit inbox input pack; audit results/docs retained,
moved_to_trash,audits/_inbox/mango_canonical_rebuild_plan_20260516_v1,/Users/dmitrijfabarisov/.Trash/mango_cleanup_batch2_intermediate_artifacts_20260523_011201/audits/_inbox/mango_canonical_rebuild_plan_20260516_v1,716800,old audit inbox input pack; audit results/docs retained,
moved_to_trash,audits/_inbox/mango_runtime_rebuild_20260516_v1,/Users/dmitrijfabarisov/.Trash/mango_cleanup_batch2_intermediate_artifacts_20260523_011201/audits/_inbox/mango_runtime_rebuild_20260516_v1,135168,old audit inbox input pack; audit results/docs retained,
moved_to_trash,audits/_inbox/mango_update_after_20260512_20260521_v1,/Users/dmitrijfabarisov/.Trash/mango_cleanup_batch2_intermediate_artifacts_20260523_011201/audits/_inbox/mango_update_after_20260512_20260521_v1,28672,old audit inbox input pack; audit results/docs retained,
moved_to_trash,audits/_inbox/mega_smoke_v1_20260519_codex_run,/Users/dmitrijfabarisov/.Trash/mango_cleanup_batch2_intermediate_artifacts_20260523_011201/audits/_inbox/mega_smoke_v1_20260519_codex_run,4239360,old audit inbox input pack; audit results/docs retained,
moved_to_trash,audits/_inbox/mega_smoke_v3_codex_full_20260519_220558,/Users/dmitrijfabarisov/.Trash/mango_cleanup_batch2_intermediate_artifacts_20260523_011201/audits/_inbox/mega_smoke_v3_codex_full_20260519_220558,20480,old audit inbox input pack; audit results/docs retained,
moved_to_trash,audits/_inbox/mega_smoke_v3_codex_full_all_20260520_112720,/Users/dmitrijfabarisov/.Trash/mango_cleanup_batch2_intermediate_artifacts_20260523_011201/audits/_inbox/mega_smoke_v3_codex_full_all_20260520_112720,372736,old audit inbox input pack; audit results/docs retained,
moved_to_trash,audits/_inbox/mega_smoke_v3_codex_p0_full_20260519_224502,/Users/dmitrijfabarisov/.Trash/mango_cleanup_batch2_intermediate_artifacts_20260523_011201/audits/_inbox/mega_smoke_v3_codex_p0_full_20260519_224502,32768,old audit inbox input pack; audit results/docs retained,
moved_to_trash,audits/_inbox/mega_smoke_v3_codex_p0_full_after_patches_20260520_025330,/Users/dmitrijfabarisov/.Trash/mango_cleanup_batch2_intermediate_artifacts_20260523_011201/audits/_inbox/mega_smoke_v3_codex_p0_full_after_patches_20260520_025330,159744,old audit inbox input pack; audit results/docs retained,
moved_to_trash,audits/_inbox/mega_smoke_v3_codex_p0_full_clean_candidate_20260520_073717,/Users/dmitrijfabarisov/.Trash/mango_cleanup_batch2_intermediate_artifacts_20260523_011201/audits/_inbox/mega_smoke_v3_codex_p0_full_clean_candidate_20260520_073717,159744,old audit inbox input pack; audit results/docs retained,
moved_to_trash,audits/_inbox/mega_smoke_v3_codex_p0_full_clean_candidate_2_20260520_085723,/Users/dmitrijfabarisov/.Trash/mango_cleanup_batch2_intermediate_artifacts_20260523_011201/audits/_inbox/mega_smoke_v3_codex_p0_full_clean_candidate_2_20260520_085723,159744,old audit inbox input pack; audit results/docs retained,
moved_to_trash,audits/_inbox/mega_smoke_v3_codex_p0_full_clean_candidate_3_20260520_101139,/Users/dmitrijfabarisov/.Trash/mango_cleanup_batch2_intermediate_artifacts_20260523_011201/audits/_inbox/mega_smoke_v3_codex_p0_full_clean_candidate_3_20260520_101139,159744,old audit inbox input pack; audit results/docs retained,
moved_to_trash,audits/_inbox/mega_smoke_v3_codex_p0_full_final_20260520_041938,/Users/dmitrijfabarisov/.Trash/mango_cleanup_batch2_intermediate_artifacts_20260523_011201/audits/_inbox/mega_smoke_v3_codex_p0_full_final_20260520_041938,159744,old audit inbox input pack; audit results/docs retained,
moved_to_trash,audits/_inbox/mega_smoke_v3_codex_p0_full_final_after_priority_fix_20260520_055440,/Users/dmitrijfabarisov/.Trash/mango_cleanup_batch2_intermediate_artifacts_20260523_011201/audits/_inbox/mega_smoke_v3_codex_p0_full_final_after_priority_fix_20260520_055440,159744,old audit inbox input pack; audit results/docs retained,
moved_to_trash,audits/_inbox/mega_smoke_v3_codex_p0_probe_20260519_214628,/Users/dmitrijfabarisov/.Trash/mango_cleanup_batch2_intermediate_artifacts_20260523_011201/audits/_inbox/mega_smoke_v3_codex_p0_probe_20260519_214628,28672,old audit inbox input pack; audit results/docs retained,
moved_to_trash,audits/_inbox/mega_smoke_v3_codex_p0_probe_admission_after_proydet_fix_20260520_073531,/Users/dmitrijfabarisov/.Trash/mango_cleanup_batch2_intermediate_artifacts_20260523_011201/audits/_inbox/mega_smoke_v3_codex_p0_probe_admission_after_proydet_fix_20260520_073531,16384,old audit inbox input pack; audit results/docs retained,
moved_to_trash,audits/_inbox/mega_smoke_v3_codex_p0_probe_adv_pii_self_02_after_ceny_fix_20260520_100928,/Users/dmitrijfabarisov/.Trash/mango_cleanup_batch2_intermediate_artifacts_20260523_011201/audits/_inbox/mega_smoke_v3_codex_p0_probe_adv_pii_self_02_after_ceny_fix_20260520_100928,20480,old audit inbox input pack; audit results/docs retained,
moved_to_trash,audits/_inbox/mega_smoke_v3_codex_p0_probe_after_discount_templates_20260519_223157,/Users/dmitrijfabarisov/.Trash/mango_cleanup_batch2_intermediate_artifacts_20260523_011201/audits/_inbox/mega_smoke_v3_codex_p0_probe_after_discount_templates_20260519_223157,36864,old audit inbox input pack; audit results/docs retained,
moved_to_trash,audits/_inbox/mega_smoke_v3_codex_p0_probe_after_legal_order_20260519_215831,/Users/dmitrijfabarisov/.Trash/mango_cleanup_batch2_intermediate_artifacts_20260523_011201/audits/_inbox/mega_smoke_v3_codex_p0_probe_after_legal_order_20260519_215831,28672,old audit inbox input pack; audit results/docs retained,
moved_to_trash,audits/_inbox/mega_smoke_v3_codex_p0_probe_after_p0_templates_20260519_215050,/Users/dmitrijfabarisov/.Trash/mango_cleanup_batch2_intermediate_artifacts_20260523_011201/audits/_inbox/mega_smoke_v3_codex_p0_probe_after_p0_templates_20260519_215050,28672,old audit inbox input pack; audit results/docs retained,
moved_to_trash,audits/_inbox/mega_smoke_v3_codex_p0_probe_after_result_guarantee_20260519_221738,/Users/dmitrijfabarisov/.Trash/mango_cleanup_batch2_intermediate_artifacts_20260523_011201/audits/_inbox/mega_smoke_v3_codex_p0_probe_after_result_guarantee_20260519_221738,40960,old audit inbox input pack; audit results/docs retained,
moved_to_trash,audits/_inbox/mega_smoke_v3_codex_p0_probe_contact_pii_fix_20260520_010337,/Users/dmitrijfabarisov/.Trash/mango_cleanup_batch2_intermediate_artifacts_20260523_011201/audits/_inbox/mega_smoke_v3_codex_p0_probe_contact_pii_fix_20260520_010337,32768,old audit inbox input pack; audit results/docs retained,
moved_to_trash,audits/_inbox/mega_smoke_v3_codex_p0_probe_cross_identity_after_final_fix_20260520_040416,/Users/dmitrijfabarisov/.Trash/mango_cleanup_batch2_intermediate_artifacts_20260523_011201/audits/_inbox/mega_smoke_v3_codex_p0_probe_cross_identity_after_final_fix_20260520_040416,36864,old audit inbox input pack; audit results/docs retained,
moved_to_trash,audits/_inbox/mega_smoke_v3_codex_p0_probe_guarantee_legal_after_priority_fix_20260520_053211,/Users/dmitrijfabarisov/.Trash/mango_cleanup_batch2_intermediate_artifacts_20260523_011201/audits/_inbox/mega_smoke_v3_codex_p0_probe_guarantee_legal_after_priority_fix_20260520_053211,61440,old audit inbox input pack; audit results/docs retained,
moved_to_trash,audits/_inbox/mega_smoke_v3_codex_p0_probe_identity_after_wording_20260520_041701,/Users/dmitrijfabarisov/.Trash/mango_cleanup_batch2_intermediate_artifacts_20260523_011201/audits/_inbox/mega_smoke_v3_codex_p0_probe_identity_after_wording_20260520_041701,20480,old audit inbox input pack; audit results/docs retained,
moved_to_trash,audits/_inbox/mega_smoke_v3_codex_p0_probe_last_pii_doc_after_specific_fix_20260520_085409,/Users/dmitrijfabarisov/.Trash/mango_cleanup_batch2_intermediate_artifacts_20260523_011201/audits/_inbox/mega_smoke_v3_codex_p0_probe_last_pii_doc_after_specific_fix_20260520_085409,20480,old audit inbox input pack; audit results/docs retained,
moved_to_trash,audits/_inbox/mega_smoke_v3_codex_p0_probe_last_two_after_specific_fix_20260520_085150,/Users/dmitrijfabarisov/.Trash/mango_cleanup_batch2_intermediate_artifacts_20260523_011201/audits/_inbox/mega_smoke_v3_codex_p0_probe_last_two_after_specific_fix_20260520_085150,20480,old audit inbox input pack; audit results/docs retained,
moved_to_trash,audits/_inbox/mega_smoke_v3_codex_p0_probe_offset112_20260520_011535,/Users/dmitrijfabarisov/.Trash/mango_cleanup_batch2_intermediate_artifacts_20260523_011201/audits/_inbox/mega_smoke_v3_codex_p0_probe_offset112_20260520_011535,73728,old audit inbox input pack; audit results/docs retained,
moved_to_trash,audits/_inbox/mega_smoke_v3_codex_p0_probe_offset112_after_final_patches_20260520_021221,/Users/dmitrijfabarisov/.Trash/mango_cleanup_batch2_intermediate_artifacts_20260523_011201/audits/_inbox/mega_smoke_v3_codex_p0_probe_offset112_after_final_patches_20260520_021221,57344,old audit inbox input pack; audit results/docs retained,
moved_to_trash,audits/_inbox/mega_smoke_v3_codex_p0_probe_offset112_after_refund_wording_20260520_023932,/Users/dmitrijfabarisov/.Trash/mango_cleanup_batch2_intermediate_artifacts_20260523_011201/audits/_inbox/mega_smoke_v3_codex_p0_probe_offset112_after_refund_wording_20260520_023932,40960,old audit inbox input pack; audit results/docs retained,
moved_to_trash,audits/_inbox/mega_smoke_v3_codex_p0_probe_offset112_after_terminal_v2_20260520_014028,/Users/dmitrijfabarisov/.Trash/mango_cleanup_batch2_intermediate_artifacts_20260523_011201/audits/_inbox/mega_smoke_v3_codex_p0_probe_offset112_after_terminal_v2_20260520_014028,61440,old audit inbox input pack; audit results/docs retained,
moved_to_trash,audits/_inbox/mega_smoke_v3_codex_p0_probe_offset25_20260519_230127,/Users/dmitrijfabarisov/.Trash/mango_cleanup_batch2_intermediate_artifacts_20260523_011201/audits/_inbox/mega_smoke_v3_codex_p0_probe_offset25_20260519_230127,12288,old audit inbox input pack; audit results/docs retained,
moved_to_trash,audits/_inbox/mega_smoke_v3_codex_p0_probe_offset25_after_cross_docs_teachers_20260519_234249,/Users/dmitrijfabarisov/.Trash/mango_cleanup_batch2_intermediate_artifacts_20260523_011201/audits/_inbox/mega_smoke_v3_codex_p0_probe_offset25_after_cross_docs_teachers_20260519_234249,57344,old audit inbox input pack; audit results/docs retained,
moved_to_trash,audits/_inbox/mega_smoke_v3_codex_p0_probe_offset25_after_pricing_20260519_230703,/Users/dmitrijfabarisov/.Trash/mango_cleanup_batch2_intermediate_artifacts_20260523_011201/audits/_inbox/mega_smoke_v3_codex_p0_probe_offset25_after_pricing_20260519_230703,45056,old audit inbox input pack; audit results/docs retained,
moved_to_trash,audits/_inbox/mega_smoke_v3_codex_p0_probe_offset25_after_tax_camp_20260519_232042,/Users/dmitrijfabarisov/.Trash/mango_cleanup_batch2_intermediate_artifacts_20260523_011201/audits/_inbox/mega_smoke_v3_codex_p0_probe_offset25_after_tax_camp_20260519_232042,65536,old audit inbox input pack; audit results/docs retained,
moved_to_trash,audits/_inbox/mega_smoke_v3_codex_p0_probe_offset36_after_exact_terms_20260520_000242,/Users/dmitrijfabarisov/.Trash/mango_cleanup_batch2_intermediate_artifacts_20260523_011201/audits/_inbox/mega_smoke_v3_codex_p0_probe_offset36_after_exact_terms_20260520_000242,45056,old audit inbox input pack; audit results/docs retained,
moved_to_trash,audits/_inbox/mega_smoke_v3_codex_p0_probe_offset70_20260520_001935,/Users/dmitrijfabarisov/.Trash/mango_cleanup_batch2_intermediate_artifacts_20260523_011201/audits/_inbox/mega_smoke_v3_codex_p0_probe_offset70_20260520_001935,65536,old audit inbox input pack; audit results/docs retained,
moved_to_trash,audits/_inbox/mega_smoke_v3_codex_p0_probe_offset70_after_adversarial_terminal_20260520_004246,/Users/dmitrijfabarisov/.Trash/mango_cleanup_batch2_intermediate_artifacts_20260523_011201/audits/_inbox/mega_smoke_v3_codex_p0_probe_offset70_after_adversarial_terminal_20260520_004246,53248,old audit inbox input pack; audit results/docs retained,
moved_to_trash,audits/_inbox/mega_smoke_v3_codex_p0_probe_tax_pii_identity_after_rules_20260520_070113,/Users/dmitrijfabarisov/.Trash/mango_cleanup_batch2_intermediate_artifacts_20260523_011201/audits/_inbox/mega_smoke_v3_codex_p0_probe_tax_pii_identity_after_rules_20260520_070113,90112,old audit inbox input pack; audit results/docs retained,
moved_to_trash,audits/_inbox/mega_smoke_v3_final_v6_3_fast_20260520_205833,/Users/dmitrijfabarisov/.Trash/mango_cleanup_batch2_intermediate_artifacts_20260523_011201/audits/_inbox/mega_smoke_v3_final_v6_3_fast_20260520_205833,983040,old audit inbox input pack; audit results/docs retained,
moved_to_trash,audits/_inbox/mega_smoke_v3_final_v6_3_p0_decisions_20260521_010350,/Users/dmitrijfabarisov/.Trash/mango_cleanup_batch2_intermediate_artifacts_20260523_011201/audits/_inbox/mega_smoke_v3_final_v6_3_p0_decisions_20260521_010350,86016,old audit inbox input pack; audit results/docs retained,
moved_to_trash,audits/_inbox/mega_smoke_v3_final_v6_3_reputation_check_20260521_011101,/Users/dmitrijfabarisov/.Trash/mango_cleanup_batch2_intermediate_artifacts_20260523_011201/audits/_inbox/mega_smoke_v3_final_v6_3_reputation_check_20260521_011101,20480,old audit inbox input pack; audit results/docs retained,
moved_to_trash,audits/_inbox/mega_smoke_v3_harness_sanity_20260519_214618,/Users/dmitrijfabarisov/.Trash/mango_cleanup_batch2_intermediate_artifacts_20260523_011201/audits/_inbox/mega_smoke_v3_harness_sanity_20260519_214618,16384,old audit inbox input pack; audit results/docs retained,
moved_to_trash,audits/_inbox/night_cycle_2_operator_status_20260511_v1,/Users/dmitrijfabarisov/.Trash/mango_cleanup_batch2_intermediate_artifacts_20260523_011201/audits/_inbox/night_cycle_2_operator_status_20260511_v1,356352,old audit inbox input pack; audit results/docs retained,
moved_to_trash,audits/_inbox/operator_runtime_status_20260511_v1,/Users/dmitrijfabarisov/.Trash/mango_cleanup_batch2_intermediate_artifacts_20260523_011201/audits/_inbox/operator_runtime_status_20260511_v1,81920,old audit inbox input pack; audit results/docs retained,
moved_to_trash,audits/_inbox/operator_status_after_night_20260511_v1,/Users/dmitrijfabarisov/.Trash/mango_cleanup_batch2_intermediate_artifacts_20260523_011201/audits/_inbox/operator_status_after_night_20260511_v1,499712,old audit inbox input pack; audit results/docs retained,
moved_to_trash,audits/_inbox/project_cleanup_manifest_20260511_v1,/Users/dmitrijfabarisov/.Trash/mango_cleanup_batch2_intermediate_artifacts_20260523_011201/audits/_inbox/project_cleanup_manifest_20260511_v1,180224,old audit inbox input pack; audit results/docs retained,
moved_to_trash,audits/_inbox/qa_answer_quality_iter1_20260514,/Users/dmitrijfabarisov/.Trash/mango_cleanup_batch2_intermediate_artifacts_20260523_011201/audits/_inbox/qa_answer_quality_iter1_20260514,4096,old audit inbox input pack; audit results/docs retained,
moved_to_trash,audits/_inbox/qa_answer_quality_iter2_20260514,/Users/dmitrijfabarisov/.Trash/mango_cleanup_batch2_intermediate_artifacts_20260523_011201/audits/_inbox/qa_answer_quality_iter2_20260514,4096,old audit inbox input pack; audit results/docs retained,
moved_to_trash,audits/_inbox/qa_answer_quality_plan_20260514_v1,/Users/dmitrijfabarisov/.Trash/mango_cleanup_batch2_intermediate_artifacts_20260523_011201/audits/_inbox/qa_answer_quality_plan_20260514_v1,4096,old audit inbox input pack; audit results/docs retained,
moved_to_trash,audits/_inbox/question_catalog_llm_calibration_20260516_1745,/Users/dmitrijfabarisov/.Trash/mango_cleanup_batch2_intermediate_artifacts_20260523_011201/audits/_inbox/question_catalog_llm_calibration_20260516_1745,28672,old audit inbox input pack; audit results/docs retained,
moved_to_trash,audits/_inbox/question_catalog_parallel_checks_20260516_1815,/Users/dmitrijfabarisov/.Trash/mango_cleanup_batch2_intermediate_artifacts_20260523_011201/audits/_inbox/question_catalog_parallel_checks_20260516_1815,4096,old audit inbox input pack; audit results/docs retained,
moved_to_trash,audits/_inbox/question_catalog_rop_policy_20260515,/Users/dmitrijfabarisov/.Trash/mango_cleanup_batch2_intermediate_artifacts_20260523_011201/audits/_inbox/question_catalog_rop_policy_20260515,16384,old audit inbox input pack; audit results/docs retained,
moved_to_trash,audits/_inbox/question_catalog_sample200_20260516_1759,/Users/dmitrijfabarisov/.Trash/mango_cleanup_batch2_intermediate_artifacts_20260523_011201/audits/_inbox/question_catalog_sample200_20260516_1759,4096,old audit inbox input pack; audit results/docs retained,
moved_to_trash,audits/_inbox/rop_blocker_markup_review_20260514_v1,/Users/dmitrijfabarisov/.Trash/mango_cleanup_batch2_intermediate_artifacts_20260523_011201/audits/_inbox/rop_blocker_markup_review_20260514_v1,4096,old audit inbox input pack; audit results/docs retained,
moved_to_trash,audits/_inbox/rop_blocker_markup_review_20260514_v2,/Users/dmitrijfabarisov/.Trash/mango_cleanup_batch2_intermediate_artifacts_20260523_011201/audits/_inbox/rop_blocker_markup_review_20260514_v2,4096,old audit inbox input pack; audit results/docs retained,
moved_to_trash,audits/_inbox/saas_productization_review_20260510,/Users/dmitrijfabarisov/.Trash/mango_cleanup_batch2_intermediate_artifacts_20260523_011201/audits/_inbox/saas_productization_review_20260510,12288,old audit inbox input pack; audit results/docs retained,
moved_to_trash,audits/_inbox/stage2_cleanup_pipeline_20260510_v1,/Users/dmitrijfabarisov/.Trash/mango_cleanup_batch2_intermediate_artifacts_20260523_011201/audits/_inbox/stage2_cleanup_pipeline_20260510_v1,90112,old audit inbox input pack; audit results/docs retained,
moved_to_trash,audits/_inbox/super_resolve_strategy_20260513_v1,/Users/dmitrijfabarisov/.Trash/mango_cleanup_batch2_intermediate_artifacts_20260523_011201/audits/_inbox/super_resolve_strategy_20260513_v1,8192,old audit inbox input pack; audit results/docs retained,
