schema_version,run_index,provider_mode,dialog_id,priority_note,message_count,target_message_id,target_date,current_client_message,previous_context,snapshot_run_id,selected_chunk_count,manager_patterns_count,knowledge_snippets,required_fact_keys,freshness_blocks,facts_fresh,used_kb_context,message_type,broad_group,topic_id,confidence_theme,confidence_group,alternative_themes,risk_level,route,draft_text,manager_checklist,missing_facts,context_warnings,safety_flags,forbidden_promises_detected,context_used,manager_followup_required,manager_followup_deadline,error
telegram_stage6_kb_eval_v1,1,fake,1006885321,,4,5092,2024-08-15T10:01:58+00:00,"Добрый день! Подскажите пожалуйста, мы зарегистрировались на математику. Остальные курсы добавятся в соответствии с программой?","2024-08-13T08:43:59+00:00 client: Добрый день! Когда мы получим ссылку на обучение, которое начнётся 15 августа?
2024-08-13T10:32:36+00:00 manager: Добрый день. Ссылка Вам поступит 14 августа.
2024-08-13T11:49:46+00:00 client: Спасибо!",20260517_night_v1,6,,"[""[Часть 3: Запись на следующий год; source=source:local_docx:a238607e99b38079; freshness=unknown] Спасибо за обратную связь, нам она очень важна.Подскажите, вы планируете продолжить обучение в следующем году? Если ответ: даМы сейчас открыли раннее бронирование на следующий учебный год 2026–2027. Для действующих учеников Фотона — лучшие условия:📌 Фиксируем цену уже сейчас (при записи до 1 мая и оплате до 15 мая) 📌 Вы сами выбираете удобный день — суббота или воскресенье Цена для предварительной записи: 47250 за год или 29750 за семестр для 5-11 классов.По итогам финального тестирования в этом году мы также сформируем рекомендации по дальнейшему обучению и уровню группы. Какой день вам удобн..."", ""[Скрипт звонка для обратной связи (середина учебного года); source=source:local_docx:a238607e99b38079; freshness=unknown] Курсы - Москва Субсидии Онлайн (2025) Очные курсы - инструкция по записи Онлайн курсы - инструкция по записи Летние школы Курсы - Онлайн Запись на следующий год - очные курсы Вступ. тесты - инструкция КЦ Сбор ОС Фотон онл - весна"", ""[ЦДПО ФОТОН; source=source:local_markdown:cdb6228413e11d7a; freshness=unknown] - Очные курсы в Москве и Долгопрудном. - Направления: ЕГЭ, ОГЭ, математика, физика, информатика, русский язык, олимпиадная подготовка, 3-8 классы, 9-11 классы, летние школы, выездные школы, онлайн-курсы, индивидуальные занятия. - Публичные источники: [cdpofoton.ru](https://cdpofoton.ru), [каталог курсов](https://cdpofoton.ru/courses/), [акции](https://cdpofoton.ru/promotion/), [контакты](https://cdpofoton.ru/contacts/). Статус: можно клиенту после подтверждения."", ""[УНПК МФТИ; source=source:local_markdown:cdb6228413e11d7a; freshness=unknown] - Очные курсы в Долгопрудном для 1-11 классов. - Направления: математика, физика, информатика, русский язык для 9-11 классов, химия для 10-11 классов, подготовка к ОГЭ, ЕГЭ, олимпиадам и общеобразовательным предметам. - Онлайн-курсы для 3-11 классов. - Летние школы и выездные школы. - Публичные источники: [kmipt.ru](https://kmipt.ru), [актуальный набор](https://kmipt.ru/courses/aktualnyi_nabor/), [контакты](https://kmipt.ru/contacts/). Статус: можно клиенту после подтверждения."", ""[Часть 2: Сбор обратной связи; source=source:local_docx:a238607e99b38079; freshness=unknown] «А теперь я бы хотела/хотел услышать ваше мнение и мнение самого [Имя].» Обязательно задаем все три вопроса по очереди и записываем ответы. «Подскажите, а как сам/сама [Имя] отзывается о курсах? Что ему/ей особенно нравится, а что, возможно, не очень?» «А нравится ли [Имя] наш преподаватель, стиль его преподавания?» «Скажите, а что, по-вашему, могло бы сделать обучение у нас еще лучше и комфортнее для [Имя]?» (Отвечаем на вопросы родителей по ходу, записываем Обратную связь в поле “ОС родителей” в АМО)."", ""[Письма Оглавление; source=source:local_docx:a238607e99b38079; freshness=unknown] Письма оглавление""]",[],[],,True,question,education_process,theme:016_program,0.82,0.86,[],unknown,draft_for_manager,"Здравствуйте! Вижу ваш вопрос и сверю его с данными по заявке. В базе знаний есть ориентир для менеджера: [Часть 3: Запись на следующий год; source=source:local_docx:a238607e99b38079; freshness=unknown] Спасибо за обратную связь, нам она очень важна.Подскажите, вы планируете продолжить обучение в следующем году? Если ответ: даМы сейчас открыли раннее бронирован... Перед отправкой проверим актуальность условий именно для вашей программы.","[""Проверить черновик перед отправкой клиенту.""]",[],[],"[""manager_approval_required"", ""no_auto_send""]",[],"[""knowledge_snippets""]",,,
telegram_stage6_kb_eval_v1,2,fake,1063099421,priority_refund_case,5,5114,2024-08-15T21:49:11+00:00,"В случае невозможности замены класса, как можно получить возврат платежа?","2024-08-14T04:31:36+00:00 client: Добрый день! Я оплатил в середине мая следующие летние занятия для моего сына: >> Онлайн ФизМат и IT школы 5 10 класс: 1 смена К сожалению я еще не получил никакой информации о том, когда эти занятия начинаются и что необходимо подготовить для участия. Сообщите, пожалуйста, что мне необходимо сделать для получения этой информации и доступа к вашей платформе. С уважением, Денисов Павел Геннадьевич.
2024-08-14T08:07:21+00:00 manager: Добрый день. Письмо с ссылками на подключение было Вам сегодня отправлено. В случае, если письмо не дошло, напишите пожалуйста нам в этом чате.
2024-08-14T13:32:24+00:00 client: Получил, спасибо
2024-08-15T13:53:44+00:00 client: Добрый день. Как выяснилось в первый день, нам прислали участие в летней школе для 7-8 класса, а наш ученик учится в пятом классе. Можно ли оперативно поменять класс?",20260517_night_v1,6,,"[""[Структура будущей базы знаний; source=source:local_markdown:19398a8abc802579; freshness=unknown] Базу знаний нужно собрать не как свободный текст, а как набор проверяемых записей. У каждой записи должны быть: - категория; - краткий факт; - полная формулировка для менеджера; - безопасная формулировка для клиента; - источник; - дата источника; - уровень уверенности; - статус актуальности; - можно ли боту использовать в ответе; - нужен ли менеджер; - причина ограничения; - связанные вопросы клиента. Основные категории: - цены; - абонементы; - пробные занятия; - скидки; - рассрочка; - возвраты; - расписание; - адреса; - онлайн и очный формат; - программы по классам; - предметы; - подготовка..."", ""[Экспорт ученика из Талланто в АМО; source=source:local_docx:a238607e99b38079; freshness=unknown] Экспорт ученика из Талланто в АМО Если случится так, что человек есть в Талланто, но не создана карточка клиента в АМО, то из АМО ее можно экспортировать. Путь исправления проблемы: Заходим в ученики - находим нужного - действия - экспортировать в АМО CRM"", ""[Ограничения безопасности; source=source:local_markdown:19398a8abc802579; freshness=unknown] В этом проходе нельзя: - отправлять сообщения клиентам; - писать в AMO, Tallanto или CRM; - менять runtime-базы, аудио, транскрипты и рабочие артефакты `stable_runtime`; - удалять файлы; - считать найденный в документах факт автоматически актуальным, если есть риск устаревания. Можно: - читать Google Drive; - читать локальный DOCX; - создавать новые документы, конспекты, описи, тестовые артефакты и изолированные модули; - сохранять выводы в `docs/` и, если потребуется, в отдельную локальную папку с производными артефактами."", ""[История общения vs лента сделки; source=source:local_docx:a238607e99b38079; freshness=unknown] История общения vs лента сделки У нас есть два разных раздела, и важно понимать их назначение: История общения (отдельный раздел в контакте) — сюда вносим только ключевую информацию, которая нужна филиалу для работы: • какой продукт интересует • уровень группы • желаемое время занятий • другие важные вводные по клиенту Этот раздел синхронизируется с Талланто, поэтому данные видит и колл-центр, и филиалы. Лента сделки — здесь можно оставлять любые рабочие комментарии, ставить напоминания, фиксировать промежуточные договорённости. Это наша операционная «кухня», которая не уходит в Талланто. Почем..."", ""[Желающие/перспектива; source=source:local_docx:a238607e99b38079; freshness=unknown] “Желающие” - что делаем с перспективой на следующий год? Было: Ранее желающих добавляли в отдельные группы в Талланто (ЛШ, Москва, МФТИ, онлайн) для удобства обзвона перед набором. Но не делали сделки на «лохматые» времена.Стало: При переходе на работу в АМО логика меняется. При ведении сделки по воронкам, мы выясняем интерес клиента и понимаем, что он может стать нашим потенциальным клиентом только через некоторое время (например летом). В таком случае у нас должна быть создана сделка в воронке “В2С”, ее нужно перевести в этап “Перспектива”, добавить “Примечание” о сути договоренностей и выставить “Задач..."", ""[Статусы использования; source=source:local_markdown:cdb6228413e11d7a; freshness=unknown] | Статус | Что означает | Как использовать | |---|---|---| | `можно клиенту после подтверждения` | Факт есть в документе или на сайте, но его должен подтвердить ответственный сотрудник | Можно включить в будущую разрешенную базу после проверки | | `только черновик менеджеру` | Факт полезен, но может быть коммерчес…""]","[""documents.current""]","[{""blocks_precise_answer"": true, ""candidate_source_ids"": [""source:local_docx:a238607e99b38079"", ""source:local_markdown:cdb6228413e11d7a"", ""source:local_markdown:19398a8abc802579"", ""source:local_json:67cddf8247d07f49""], ""fact_key"": ""documents.current"", ""fact_type"": ""documents"", ""reason"": ""fact_source_not_fresh"", ""safe_instruction"": ""Do not cite exact document, refund, tax, or legal terms without a fresh verified document source.""}]",,True,question,education_process,theme:009_refund,0.82,0.86,[],unknown,manager_only,"Здравствуйте! Вижу ваш вопрос и сверю его с данными по заявке. В базе знаний есть ориентир для менеджера: [Структура будущей базы знаний; source=source:local_markdown:19398a8abc802579; freshness=unknown] Базу знаний нужно собрать не как свободный текст, а как набор проверяемых записей. У каждой записи должны быть: - категория; - краткий факт; - полная формулиро... Перед отправкой проверим актуальность условий именно для вашей программы.","[""Проверить черновик перед отправкой клиенту."", ""Высокорисковая тема: не отправлять клиенту без ручной проверки."", ""Исходное сообщение клиента содержит высокорисковую тему: проверить вручную.""]","[""documents.current""]","[""facts_stale"", ""facts_missing""]","[""manager_approval_required"", ""no_auto_send"", ""high_risk_manager_only"", ""high_risk_input_manager_only"", ""baseline_high_risk_preserved""]",[],"[""knowledge_snippets""]",,,
telegram_stage6_kb_eval_v1,3,fake,1081226575,,8,10440,2025-01-24T06:36:31+00:00,"Радионов Фёдор, 7 класс (сейчас в 6), Радионова Екатерина Ивановна, 8-908-207-15-85, yekaterina.radionova.97@mail.ru","2025-01-24T04:47:09+00:00 client: Здравствуйте. Обучение на курсах нужно начинать только с начала учебного года? Если планируем поступить на курс ""информатика"" для 7 класса и окажется имеющихся знаний за 6 класс недостаточно, то сможет ли ребенок продолжать обучение на курсе? Есть ли в таком случае возможность докупить уроки в записи по интересующим темам за предыдущий класс?
2025-01-24T06:18:30+00:00 manager: Добрый день! Вы в этом учебном году хотите присоединиться к обучению? Сейчас идет единовременная оплата за учебный год - 42 500 руб. (35 занятий). После регистрации на платформе, Вам будут доступны записи и материалы всех занятий с начала учебного года с 21.09.
2025-01-24T06:23:55+00:00 client: А на будущий учебный год когда обычно открывается запись?
2025-01-24T06:34:26+00:00 manager: В апреле-мае. Могу Вас сейчас внести в список желающих и как появится информация, свяжемся с Вами.
2025-01-24T06:34:51+00:00 client: Да. Информатика 7 класс
2025-01-24T06:35:13+00:00 manager: Для записи нам понадобиться некоторая информация. Подскажите пожалуйста, ФИО ученика, класс, ФИО родителя, номер телефона, и адрес эл.почты.",20260517_night_v1,6,,"[""[Перевод с УНПК на Фотон; source=source:local_docx:a238607e99b38079; freshness=unknown] Скрипт перевода с УНПК на ФОТОН (пример по ЛВШ) Обязательно в начале разговора узнаем класс и пол ребенка (к примеру девочка 7 класс), отвечаем, что, к сожалению, на данный момент есть только место, к примеру, для мальчика 9 класса.Но можем переключить вас на других организаторов ЛВШ, возможно у них есть места в подходящие для вас даты.Ответы на часто задаваемые вопросы:Кто они такие (что за компания?)- компания ФОТОН, раньше с ними сотрудничали, они нам помогали организовывать выездные школы.Как вы связаны?- На данный момент никак, раньше сотрудничали, сейчас нет.Почему вы переводите на них?- Мы раньш..."", ""[Часть 3: Запись на следующий год; source=source:local_docx:a238607e99b38079; freshness=unknown] Спасибо за обратную связь, нам она очень важна.Подскажите, вы планируете продолжить обучение в следующем году? Если ответ: даМы сейчас открыли раннее бронирование на следующий учебный год 2026–2027. Для действующих учеников Фотона — лучшие условия:📌 Фиксируем цену уже сейчас (при записи до 1 мая и оплате до 15 мая) 📌 Вы сами выбираете удобный день — суббота или воскресенье Цена для предварительной записи: 47250 за год или 29750 за семестр для 5-11 классов.По итогам финального тестирования в этом году мы также сформируем рекомендации по дальнейшему обучению и уровню группы. Какой день вам удобн..."", ""[Главное правило (обязательно к прочтению); source=source:local_docx:a238607e99b38079; freshness=unknown] Мы продаём не «ещё один курс», а структурированную финальную подготовку перед экзаменами: 7–8 недель система вместо хаоса практика, проверка, сопровождение снятие тревожности перед экзаменом Два бренда работают раздельно: ФОТОН → ОГЭ (8–9 класс) УНПК МФТИ → ЕГЭ (10–11 класс)"", ""[Способ 2. Ручной поиск; source=source:local_docx:a238607e99b38079; freshness=unknown] Скопировать контактную информацию клиента (ФИО, телефон, email и т.д.) Выйти во вкладку «Рабочий стол» Вставить данные в строку поиска Важно!Номер телефона вводим без пробелов.Иначе система может воспринять пробел как разрыв запроса и выдаст неточное совпадение, а все варианты, которые частично подходят."", ""[KC_BOT_KNOWLEDGE_BASE_DRAFT_2026-05-13; source=source:local_markdown:cdb6228413e11d7a; freshness=unknown] | 1-4 класс онлайн | 1 занятие в неделю по 2-3 академических часа | семестр 19 000, год 33 300/29 900 | семестр 29 700/22 500, год 52 500/47 250 | требует проверки менеджера | В таблице ФОТОНа есть неоднозначные колонки со скидочными ценами. Для клиентского ответа использовать только после ручного подтверждения формулировок."", ""[KC_BOT_KNOWLEDGE_BASE_DRAFT_2026-05-13; source=source:local_markdown:cdb6228413e11d7a; freshness=unknown] | Онлайн 9 и 11 класс | 2 занятия в неделю по 2 академических часа | семестр 41 800, год 69 900 | указано в том же блоке | требует проверки менеджера | Дополнительно: для новых учеников на Пацаева и в МФТИ указана возможность взять по одному бесплатному занятию каждого доступного предмета для параллели, запись заранее через администратора. Статус: требует подтверждения перед отправкой клиенту.""]",[],[],,True,question,education_process,service:S2_unclear,0.82,0.86,[],unknown,draft_for_manager,"Здравствуйте! Вижу ваш вопрос и сверю его с данными по заявке. В базе знаний есть ориентир для менеджера: [Перевод с УНПК на Фотон; source=source:local_docx:a238607e99b38079; freshness=unknown] Скрипт перевода с УНПК на ФОТОН (пример по ЛВШ) Обязательно в начале разговора узнаем класс и пол ребенка (к примеру девочка 7 класс), отвечаем, что, к сожалению, на дан... Перед отправкой проверим актуальность условий именно для вашей программы.","[""Проверить черновик перед отправкой клиенту.""]",[],[],"[""manager_approval_required"", ""no_auto_send""]",[],"[""knowledge_snippets""]",,,
telegram_stage6_kb_eval_v1,4,fake,1084253673,priority_schedule_without_fresh_facts,12,12551,2025-07-09T08:28:23+00:00,"Если ученик пропустил  урок онлайн, то может посмотреть его в записи, а если пропущен урок оффлайн? Ребенок сможет как-то ознакомиться с материалами этого урока?","2025-07-09T07:11:52+00:00 client: Добрый день! Интересует курс математики для 3-4 классов. Скажите, пожалуйста, в режиме онлайн есть ли возможность заниматься в воскресные дни? И есть ли оффлайн в воскресные дни?
2025-07-09T07:39:14+00:00 manager: Добрый день! Какой именно класс у ученика?
2025-07-09T07:39:23+00:00 client: 3 класс
2025-07-09T08:19:12+00:00 manager: Ниже Вы можете ознакомиться с предметами и временем проведения занятий и выбрать интересующие вас направления. 3 класс Математика Суббота 10.40-12.00 (Базовый) Суббота 12.15-13.35 (Продвинутый) Суббота 13.50-15.10 (Олимпиадный) Воскресенье 10.40-12.00 (Базовый) Воскресенье 12.15-13.35 (Продвинутый) Воскресенье 13.50-15.10 (Олимпиадный) (количество мест в группах ограничено, распределение по группам определяется в порядке записи и по итогам вступительных тестирований) Занятия начнутся с 13-14 сентября. Каждый курс включает в себя 35 занятий только по выходным (один раз в неделю) по 2 академических часа. Курсы проходят по адресам: Суббота — Скорняжный пер. 3, стр. 1 (м. Сухаревская) Воскресенье — ул. Сретенка, 20 (м. Чистые пруды, Сухаревская).
2025-07-09T08:19:30+00:00 manager: за 1-й семестр (20 занятий) — 35 500 руб., за 2-й семестр (15 занятий) — 26 500 руб., за год (35 занятий)— 59 500 руб.
2025-07-09T08:20:12+00:00 manager: Ниже Вы можете ознакомиться с предметами и временем проведения занятий и выбрать интересующие вас направления. 3 класс Математика Суббота 10.00-11.20 (Базовый или Продвинутый)​​ (количество мест в группах ограничено, распределение по группам определяется в порядке записи и по итогам вступительных тестирований) Занятия начнутся с 13 — 14 сентября. Каждый курс включает в себя 35 занятий только по выходным (один раз в неделю) по 2 академических часа. В зависимости от класса и уровня группы занятия нацелены на углубленную подготовку по предметам, к экзаменам или олимпиадам. Подключение проходит через платформу MTS-link. Записи занятий доступны для просмотра на платформе после каждого урока.
2025-07-09T08:20:51+00:00 manager: Стоимость за один предмет составляет: 27 000 руб. — 20 занятий (Первый семестр) 42 500 руб. — 35 занятий (Академический год)
2025-07-09T08:25:33+00:00 client: Я правильно понимаю, что онлайн предлагается только суббота?",20260517_night_v1,6,,"[""[Часть 1: Информация об успехах и прогрессе; source=source:local_docx:a238607e99b38079; freshness=unknown] «Хочу немного рассказать о прогрессе [Имя ученика]». Общий прогресс по курсу: Берем информацию из последнего столбца “Сообщение” по каждой группе – там кратко описаны результаты. Если все нули, то просим пройти контрольные срезы в первую очередь Напоминание о платформе: «Напоминаю, что всю подробную информацию по курсу – расписание, домашние задания, оценки, записи уроков – вы всегда можете посмотреть в личном кабинете на нашей платформе. Уведомления о новых заданиях и вебинарах приходят на почту, указанную при регистрации.»"", ""[Цель 1: Поделиться результатами обучения на данный момент, проинформировать о результатах контрольного среза, собрать обратную связь и усилить вовлеченность.; source=source:local_docx:a238607e99b38079; freshness=unknown] Цель 2: Предложить переход на следующий год по лучшим условиям (раннее бронирование). Перед звонком проверяем: наличие отзыва в таблице (добавляем туда данные из МТС-линка при необходимости). оплату в Талланто Во время разговора: обязательно хотя бы раз хвалим ребенка дослушиваем до конца все, что говорит родитель и задаем доп вопросы, если они уместны, записываем все в таблицу Важно на весну 2026 Разделение ФОТОН и УНПК Если в названии группы ученика стоит (УНПК), то зв..."", ""[Часть 3: Запись на следующий год; source=source:local_docx:a238607e99b38079; freshness=unknown] Спасибо за обратную связь, нам она очень важна.Подскажите, вы планируете продолжить обучение в следующем году? Если ответ: даМы сейчас открыли раннее бронирование на следующий учебный год 2026–2027. Для действующих учеников Фотона — лучшие условия:📌 Фиксируем цену уже сейчас (при записи до 1 мая и оплате до 15 мая) 📌 Вы сами выбираете удобный день — суббота или воскресенье Цена для предварительной записи: 47250 за год или 29750 за семестр для 5-11 классов.По итогам финального тестирования в этом году мы также сформируем рекомендации по дальнейшему обучению и уровню группы. Какой день вам удобн..."", ""[Опросник 1. Коммерческая и учебная информация; source=source:local_markdown:19398a8abc802579; freshness=unknown] Этот опросник создается независимо от найденных файлов, чтобы не зависеть от неполноты документов. Он должен полностью покрывать: - актуальные цены; - абонементы; - пробные занятия; - скидки; - рассрочку; - расписание групп; - форматы занятий; - адреса; - онлайн/очно; - программы по классам; - программы по предметам; - правила записи; - какие данные запросить у клиента; - какие документы нужны; - куда отправлять документы; - что делать, если клиент не готов; - что делать, если клиент уже в AMO/Tallanto; - что делать, если у клиента несколько детей; - что делать, если есть акти..."", ""[Скрипт звонка для обратной связи (середина учебного года); source=source:local_docx:a238607e99b38079; freshness=unknown] Курсы - Москва Субсидии Онлайн (2025) Очные курсы - инструкция по записи Онлайн курсы - инструкция по записи Летние школы Курсы - Онлайн Запись на следующий год - очные курсы Вступ. тесты - инструкция КЦ Сбор ОС Фотон онл - весна"", ""[Экспорт ученика из Талланто в АМО; source=source:local_docx:a238607e99b38079; freshness=unknown] Экспорт ученика из Талланто в АМО Если случится так, что человек есть в Талланто, но не создана карточка клиента в АМО, то из АМО ее можно экспортировать. Путь исправления проблемы: Заходим в ученики - находим нужного - действия - экспортировать в АМО CRM""]",[],[],,True,question,education_process,service:S2_unclear,0.82,0.86,[],unknown,draft_for_manager,Здравствуйте! Вижу ваш вопрос и сверю его с данными по заявке. В базе знаний есть ориентир для менеджера: [Часть 1: Информация об успехах и прогрессе; source=source:local_docx:a238607e99b38079; freshness=unknown] «Хочу немного рассказать о прогрессе [Имя ученика]». Общий прогресс по курсу: Берем информацию из последнего столбца “Сообщение” по каждой группе – та... Перед отправкой проверим актуальность условий именно для вашей программы.,"[""Проверить черновик перед отправкой клиенту.""]",[],[],"[""manager_approval_required"", ""no_auto_send""]",[],"[""knowledge_snippets""]",,,
telegram_stage6_kb_eval_v1,5,fake,1195180485,,7,6952,2024-09-22T10:13:17+00:00,"Здравствуйте, к сожалению ещё не связалась. Подскажите когда начинаются курсы? Или они уже идут?","2024-09-09T09:32:51+00:00 client: добрый день, я по поводу очных курсов для 3 класса. Хотела спросить по каким дням проходит, какая программа и сколько часов за 1 занятие
2024-09-10T11:32:45+00:00 manager: Добрый день! Для учеников 3 класса занятия проходят в Долгопрудном и в Москве. Подскажите, пожалуйста, где будет удобнее заниматься?
2024-09-10T13:36:11+00:00 client: я живу в лианозово, наверно Долгопрудный будет ближе всего
2024-09-11T14:30:59+00:00 manager: Ниже Вы можете ознакомиться с предметами и временем проведения занятий, и выбрать интересные вам направления. Математика СБ 11.30-12.50 или ВС 11.30-12.50 Физика СБ 13.00-14.20 или ВС 13.00-14.20 Информатика СБ 13.00-14.20 или ВС 13.00-14.20 Стоимость: - 5 950 рублей - 4 занятия - 28 250 - 1й семестр, 20 занятий (стоимость 2 семестра - 33 500) - 47 000 - учебный год, 35 занятий При записи на несколько курсов действует дополнительная скидка 10% на второй и последующие предметы
2024-09-22T09:54:09+00:00 manager: Добрый день! Скажите, пожалуйста, Вы в итоге записались на наши курсы? Связались ли уже с Вами наши сотрудники? Нужна ли какая-то помощь от меня?",20260517_night_v1,6,,"[""[Запись в группу/занятие через АМО; source=source:local_docx:a238607e99b38079; freshness=unknown] Запись в группу/занятие через АМО"", ""[Талланто оглавление; source=source:local_docx:a238607e99b38079; freshness=unknown] Талланто Оглавление Как создать занятие в группе"", ""[План сборки базы знаний из Google Drive и База знаний КЦ.docx; source=source:local_markdown:19398a8abc802579; freshness=unknown] Дата: 2026-05-13 Контур: Mango Analyse / база знаний для будущего бота и помощника менеджера Статус: план на согласование перед обработкой файлов"", ""[Черновик базы знаний КЦ для будущего бота; source=source:local_markdown:cdb6228413e11d7a; freshness=unknown] Дата: 2026-05-13 Назначение: собрать проверяемую базу фактов для клиентских каналов: Telegram, сайт, CRM-диалоги, Max, WhatsApp и будущие каналы. Статус: черновик для проверки сотрудниками. Это не финальная публичная база знаний."", ""[KC_BOT_KNOWLEDGE_BASE_DRAFT_2026-05-13; source=source:local_markdown:cdb6228413e11d7a; freshness=unknown] | 1-4 класс онлайн | 1 занятие в неделю по 2-3 академических часа | семестр 19 000, год 33 300/29 900 | семестр 29 700/22 500, год 52 500/47 250 | требует проверки менеджера | В таблице ФОТОНа есть неоднозначные колонки со скидочными ценами. Для клиентского ответа использовать только после ручного подтверждения формулировок."", ""[Создать занятие в группе; source=source:local_docx:a238607e99b38079; freshness=unknown] Как создать занятие в группе Действия по шагам: Заходим в группу, от которой нужно создать занятие Находим вкладку \""занятия\"" и нажимаем на “+” Далее заполняем поля, выделенные на скрине 2 Переходим в раздел \""дополнительно\"" и выбираем филиал (если в группе есть филиал, то он подтянется автоматически. если нет, то нужно проставить) Скрин 1: Скрин 2:""]","[""schedule.current""]","[{""blocks_precise_answer"": true, ""candidate_source_ids"": [""source:local_docx:a238607e99b38079"", ""source:local_json:67cddf8247d07f49""], ""fact_key"": ""schedule.current"", ""fact_type"": ""schedule"", ""reason"": ""schedule_source_not_ready"", ""safe_instruction"": ""Do not name exact group time or lesson date. Use the schedule-safe template and ask manager to follow up.""}]",,True,question,education_process,theme:013_schedule,0.82,0.86,[],unknown,draft_for_manager,Здравствуйте! Вижу ваш вопрос и сверю его с данными по заявке. В базе знаний есть ориентир для менеджера: [Запись в группу/занятие через АМО; source=source:local_docx:a238607e99b38079; freshness=unknown] Запись в группу/занятие через АМО Перед отправкой проверим актуальность условий именно для вашей программы.,"[""Проверить черновик перед отправкой клиенту.""]","[""schedule.current""]","[""facts_stale"", ""facts_missing""]","[""manager_approval_required"", ""no_auto_send""]",[],"[""knowledge_snippets""]",,,
telegram_stage6_kb_eval_v1,6,fake,1310123458,,5,5029,2024-08-13T14:02:54+00:00,"1)Рассрочку можно оформить только в Т-банке? 
2) На каких условиях?","2024-08-11T15:17:37+00:00 client: Здравствуйте, меня заинтересовали онлайн курсы по подготовке к олимпиаде физтех. Можете пожалуйста проконсультировать по поводу оплаты в рассрочку.
2024-08-13T10:26:50+00:00 manager: Добрый день. Да, конечно. Какие у Вас вопросы?",20260517_night_v1,5,,"[""[Пошаговая инструкция; source=source:local_docx:a238607e99b38079; freshness=unknown] Зайти в карточку сделки → в правом верхнем углу нажать виджет «Талланто» Выбрать контакт (подтягивается автоматически) → «Далее» Откроется вкладка «Новая запись» с фильтрами: филиалы, предметы, преподаватели, группы, дата Из всех фильтров нужен только «Группы».Начать вводить «Новые ученики АМО...» → выбрать нужную группу Нажать «Поиск занятий» → система найдёт занятие (оно одно в каждой группе) → кликнуть на занятие → «Записать» Откроется поле «Комментарий к записи» (можно оставить пометку для филиала) → «Далее» → «Записать» Готово. Ученик записан в занятие.Это видно и в Талланто, и в карточке АМО (в видж..."", ""[Перевод с УНПК на Фотон; source=source:local_docx:a238607e99b38079; freshness=unknown] Скрипт перевода с УНПК на ФОТОН (пример по ЛВШ) Обязательно в начале разговора узнаем класс и пол ребенка (к примеру девочка 7 класс), отвечаем, что, к сожалению, на данный момент есть только место, к примеру, для мальчика 9 класса.Но можем переключить вас на других организаторов ЛВШ, возможно у них есть места в подходящие для вас даты.Ответы на часто задаваемые вопросы:Кто они такие (что за компания?)- компания ФОТОН, раньше с ними сотрудничали, они нам помогали организовывать выездные школы.Как вы связаны?- На данный момент никак, раньше сотрудничали, сейчас нет.Почему вы переводите на них?- Мы раньш..."", ""[История общения vs лента сделки; source=source:local_docx:a238607e99b38079; freshness=unknown] История общения vs лента сделки У нас есть два разных раздела, и важно понимать их назначение: История общения (отдельный раздел в контакте) — сюда вносим только ключевую информацию, которая нужна филиалу для работы: • какой продукт интересует • уровень группы • желаемое время занятий • другие важные вводные по клиенту Этот раздел синхронизируется с Талланто, поэтому данные видит и колл-центр, и филиалы. Лента сделки — здесь можно оставлять любые рабочие комментарии, ставить напоминания, фиксировать промежуточные договорённости. Это наша операционная «кухня», которая не уходит в Талланто. Почем..."", ""[Статусы использования; source=source:local_markdown:cdb6228413e11d7a; freshness=unknown] | Статус | Что означает | Как использовать | |---|---|---| | `можно клиенту после подтверждения` | Факт есть в документе или на сайте, но его должен подтвердить ответственный сотрудник | Можно включить в будущую разрешенную базу после проверки | | `только черновик менеджеру` | Факт полезен, но может быть коммерчески, юридически или операционно рискованным | Показывать менеджеру, не отправлять автоматически | | `требует проверки менеджера` | Нужна свежая проверка в AMO/Tallanto/расписании/наличии мест | Бот просит данные и передает менеджеру | | `не использовать клиенту` | Служебная информация, старые..."", ""[Работа с форматами; source=source:local_markdown:19398a8abc802579; freshness=unknown] Google Docs: - экспортировать в текст или markdown; - извлечь правила, формулировки, инструкции, FAQ, скрипты. Google Sheets: - прочитать листы; - извлечь таблицы цен, расписаний, реестров, статистик; - сохранить агрегаты: названия листов, количество строк, ключевые поля, важные числа. PDF: - сначала извлечь текстовый слой; - если текстового слоя нет, распознать страницы как изображения; - отметить…""]",[],[],,True,question,education_process,service:S2_unclear,0.82,0.86,[],unknown,draft_for_manager,Здравствуйте! Вижу ваш вопрос и сверю его с данными по заявке. В базе знаний есть ориентир для менеджера: [Пошаговая инструкция; source=source:local_docx:a238607e99b38079; freshness=unknown] Зайти в карточку сделки → в правом верхнем углу нажать виджет «Талланто» Выбрать контакт (подтягивается автоматически) → «Далее» Откроется вкладка «Новая запись» с фильтрам... Перед отправкой проверим актуальность условий именно для вашей программы.,"[""Проверить черновик перед отправкой клиенту.""]",[],[],"[""manager_approval_required"", ""no_auto_send""]",[],"[""knowledge_snippets""]",,,
telegram_stage6_kb_eval_v1,7,fake,1415492438,,13,15218,2026-01-28T08:54:00+00:00,Сегодня с мужем обсудим и Вам сообщим!,"2026-01-27T14:44:10+00:00 client: Добрый вечер, хотела задать вопрос по летней школе !
2026-01-27T14:54:29+00:00 manager: Добрый вечер!
2026-01-27T14:54:37+00:00 manager: Какие вопросы у Вас возникли?
2026-01-27T15:33:53+00:00 client: Расскажите, пожалуйста, для июльской смены, 5 класс, какая примерная программа дня: сколько уроков, подъем, отбой и собирают ли телефоны?
2026-01-28T06:18:51+00:00 manager: Добрый день! Отправляем Вам информацию по Летним выездным школам для учеников, которые окончили 5 —10 класс. Даты проведения (смены 9 дней): 20 - 28 июня 2026 г. 18 - 26 июля 2026 г. В программу входит изучение следующих предметов на выбор: Математика + физика (окончили 5—10 кл.) Информатика + программирование (окончили 7—10 кл) Место проведения Московская обл, Солнечногорский р-он, Льяловское шоссе, д. 1. Учебно-спортивный комплекс «Менделеево» — охраняемая зеленая территория вдали от большого города. Проживание и питание Проживание по 3 человека в номере. В каждом номере кровати, тумбочки, большой шкаф, ванна, туалет. 5-ти разовое питание: завтрак, обед, полдник, ужин и сонник Занятия 3 занятия в день по 3 ак.ч. С 10:00 до 11:50 // 12:00-13:50 // 14:40 -16:30. Остальное время кружки, спортивные, интеллектуальные, командные, творческие мероприятия. Всех учеников делят на группы по 12-15 человек по классу и уровню знаний, чтобы обучение проходило в комфортном темпе и было полезно каждому. За каждой группой будет закреплен вожатый, который всегда будет вместе с группой. В свободное от занятий время будут проводиться: Квесты, командные интеллектуальные игры, познавательные лекции и демонстрации. Спортивные мероприятия, тимбилдинг (сплочение ребят), большая игра на всю смену с участием всех учеников, вожатых и преподавателей. Мини игры на свежем воздухе, настольные игры. Если ребенок не желает участвовать в мероприятиях, мы всегда предлагаем альтернативу - ""боталка"". Где с ребенком занимается ассистент педагога и помогает наверстать какую-либо тему, отвечает на вопросы и пр. Полная стоимость: 98 000 руб. При оплате до 1 февраля предоставляется скидка 20%. – 78 400 руб. Акции «Приведи друга» За каждого привлеченного нового ученика в Выездные школы, который не посещал Выездные школы ранее, привлекающий ученик получает кэшбэк в размере 5000 рублей на счет после окончания смены. Кэшбэк можно оставить на счете или получить безналичным переводом по заявлению на возврат. Необходимо проинформировать администрацию до начала смены о привлеченных учениках, направив письмо на edu@kmipt.ru. «Любимые клиенты» Для тех, кто был на предыдущих сменах в 2025 году 1 смена в 25 году - 5% 2 смены в 25 году - 10% 3-4 смены в 25 году - 15% 5 смен в 25 году – 20% 6 и более в 25 году - 30% Социальные сети смены: Telegram - канал с фото и видео отчетами о жизни учеников на смене: https://t.me/kmiptlvs
2026-01-28T06:20:29+00:00 manager: Распорядок дня 8:30 - Подъем Время, когда ученики просыпаются, умываются и готовятся к новому дню 8:50 - Зарядка Утром у всех проходит обязательная зарядка. Утренняя пробежка, танцевальная зарядка, турники. Каждый найдет вариант для себя. 9:30 - Завтрак Ученикам на выбор предлагают несколько вариантов каш, омлеты, блинчики, оладушки, творожные запеканки. 10:00 - 14:00 - 1-ая и 2-ая пары В это время происходит интенсивная учеба. Занятия Летней выездной школы проходят в группах по 10-12 человек. Ученики делятся по классу и уровню знаний. Каждое занятие длится 1 час 50 минут. 14:00 - Обед На обед ученикам представлен выбор первых и вторых блюд. Всегда есть нарезка из свежих овощей. 14:40 - 16:40 - 3-я пара Завершающее занятия учебного дня. 16:50 - Полдник После учебы ученики восполняют силы свежими и полезными фруктами. 17:00 - 19:00 - Время с вожатыми В это время проходят различные игры на свежем воздухе, турниры по настольным играм, а вожатые организуют квесты для сплочения и разнообразия досуга.. 18:00 - 19:00 - Кружки Для всех желающих, на сменах проводятся кружки и научно-популярные лекции. Расскажем о строении космоса, что такое криптография или как правильно фотографировать. 19:00 - Ужин Одно из самых вкусных времен за день! Салат цезарь и карбонара, а может домашняя котлетка с пюрешкой? Шведская линия накормит самого привередливого ученика. 20:00 - 21:30 - Вечернее мероприятие Вожатые готовят различные мероприятия чтобы всем было интересно и весело. Ученики почувствуют себя участниками передачи «Что? Где? Когда?», сходят на квиз, покрутят барабан и угадают слово в «Поле чудес», выступят с творческим номером от отряда. 21:30 - Свечка В конце дня каждый отряд отправляется на свечку, где ученики пообщаются, обменяются впечатлениями о дне и просто проведут время в спокойной и дружелюбной атмосфере своего уже любимого отряда 22:30 - Мягкий отбой Время, когда все ученики расходятся по своим комнатам. В это время ребята принимают душ, чистят зубы, созваниваются с родителями и готовятся ко сну. 22:50 - Полный отбой В это время ни в одной комнате не горит свет, а все ученики спят и набираются сил для завтрашнего дня
2026-01-28T06:20:59+00:00 manager: Телефоны у детей не забираем, но организуем удобную систему, чтобы они не отвлекались во время занятий. Для младших ребят (5–8 классы) во время учебных пар предусмотрено специальное место для хранения телефонов – они лежат на столе у преподавателя. Это помогает детям сосредоточиться на учебе, а после занятий они могут свободно пользоваться своими устройствами. Связаться с ребенком можно в свободное время – у нас есть специально отведенные часы для звонков. Мы также стараемся составить программу так, чтобы детям было интереснее участвовать в активностях, чем сидеть в телефоне. Перед сном вожатые проверяют, что все ребята отдыхают, а не проводят время в гаджетах. Мы заботимся о том, чтобы у детей был полноценный отдых и живое общение.
2026-01-28T07:10:30+00:00 client: Спасибо за полный ответ, а можно ли оплатить в рассрочку? Если первый взнос до 1.02?
2026-01-28T08:35:38+00:00 manager: Да, можно по внутреннему заявлению разбить оплату на 2 части или воспользоваться сервисом ""Долями"".
2026-01-28T08:35:41+00:00 manager: Записать Вас?",20260517_night_v1,6,,"[""[Письма Оглавление; source=source:local_docx:a238607e99b38079; freshness=unknown] Письма оглавление"", ""[Запись в группу/занятие через АМО; source=source:local_docx:a238607e99b38079; freshness=unknown] Запись в группу/занятие через АМО"", ""[Манго Оглавление; source=source:local_docx:a238607e99b38079; freshness=unknown] АМО Оглавление Как запустить карусель"", ""[Скрипты; source=source:local_docx:a238607e99b38079; freshness=unknown] Скрипты Обзвоны - скрипты от Бурнашова Д.:"", ""[Талланто оглавление; source=source:local_docx:a238607e99b38079; freshness=unknown] Талланто Оглавление Как создать занятие в группе"", ""[Продукты Оглавление; source=source:local_docx:a238607e99b38079; freshness=unknown] Письма оглавление Интенсив 2026 Летняя школа 2026""]",[],[],,True,question,education_process,service:S2_unclear,0.82,0.86,[],unknown,draft_for_manager,Здравствуйте! Вижу ваш вопрос и сверю его с данными по заявке. В базе знаний есть ориентир для менеджера: [Письма Оглавление; source=source:local_docx:a238607e99b38079; freshness=unknown] Письма оглавление Перед отправкой проверим актуальность условий именно для вашей программы.,"[""Проверить черновик перед отправкой клиенту.""]",[],[],"[""manager_approval_required"", ""no_auto_send""]",[],"[""knowledge_snippets""]",,,
telegram_stage6_kb_eval_v1,8,fake,143146369,,13,5524,2024-08-28T12:05:19+00:00,встречаем детей на ховрино и хочется более-менее поточнее рассчитать время прибытия,"2024-07-29T13:15:48+00:00 client: и какие справки нужны для заезда в лагерь?
2024-07-30T10:55:28+00:00 manager: Здравствуйте! Трансфер будет. Отходит в 11:00 от м. Ховрино, 3 выход Справки: Медицинская справка 079У (действует в течение 3 мес) Справка о санэпидокружении обычно № 291 (срок действия 3 дня до приезда) В выходные отправим тестирование для учеников и памятку с подробной информацией о трансфере, необходимых документах, что с собой взять и тп
2024-07-30T10:56:12+00:00 client: спасибо
2024-08-28T05:39:46+00:00 client: Добрый день, подскажи время отъезда автобуса сегодня из лагеря?
2024-08-28T05:39:55+00:00 client: В 16:00 или 16:30?
2024-08-28T11:54:48+00:00 manager: Добрый день. В 16.00
2024-08-28T11:58:15+00:00 client: по телефону мне ответили что выезд автобуса в 16-30
2024-08-28T11:59:08+00:00 client: и в документах по трансферу, которые присылали на email указано 16-30
2024-08-28T12:04:19+00:00 manager: Все верно. Отправка трансфера осуществляется с 16.00 до 16.30
2024-08-28T12:04:46+00:00 client: а можете сказать точное время?",20260517_night_v1,6,,"[""[Завершение разговора; source=source:local_docx:a238607e99b38079; freshness=unknown] «[Имя Отчество], спасибо большое за такую подробную обратную связь и ваше время! Это очень ценно для нас.» Проверяем оплату: Если есть долг – мягко напоминаем) Отвечаем на финальные вопросы: «Остались ли у вас ко мне какие-то вопросы?» Прощаемся: «Еще раз спасибо! Хорошего вам дня! Передавайте привет [Имя]!»"", ""[История общения vs лента сделки; source=source:local_docx:a238607e99b38079; freshness=unknown] История общения vs лента сделки У нас есть два разных раздела, и важно понимать их назначение: История общения (отдельный раздел в контакте) — сюда вносим только ключевую информацию, которая нужна филиалу для работы: • какой продукт интересует • уровень группы • желаемое время занятий • другие важные вводные по клиенту Этот раздел синхронизируется с Талланто, поэтому данные видит и колл-центр, и филиалы. Лента сделки — здесь можно оставлять любые рабочие комментарии, ставить напоминания, фиксировать промежуточные договорённости. Это наша операционная «кухня», которая не уходит в Талланто. Почем..."", ""[Желающие/перспектива; source=source:local_docx:a238607e99b38079; freshness=unknown] “Желающие” - что делаем с перспективой на следующий год? Было: Ранее желающих добавляли в отдельные группы в Талланто (ЛШ, Москва, МФТИ, онлайн) для удобства обзвона перед набором. Но не делали сделки на «лохматые» времена.Стало: При переходе на работу в АМО логика меняется. При ведении сделки по воронкам, мы выясняем интерес клиента и понимаем, что он может стать нашим потенциальным клиентом только через некоторое время (например летом). В таком случае у нас должна быть создана сделка в воронке “В2С”, ее нужно перевести в этап “Перспектива”, добавить “Примечание” о сути договоренностей и выставить “Задач..."", ""[Цель 1: Поделиться результатами обучения на данный момент, проинформировать о результатах контрольного среза, собрать обратную связь и усилить вовлеченность.; source=source:local_docx:a238607e99b38079; freshness=unknown] Цель 2: Предложить переход на следующий год по лучшим условиям (раннее бронирование). Перед звонком проверяем: наличие отзыва в таблице (добавляем туда данные из МТС-линка при необходимости). оплату в Талланто Во время разговора: обязательно хотя бы раз хвалим ребенка дослушиваем до конца все, что говорит родитель и задаем доп вопросы, если они уместны, записываем все в таблицу Важно на весну 2026 Разделение ФОТОН и УНПК Если в названии группы ученика стоит (УНПК), то зв..."", ""[Опросник 1. Коммерческая и учебная информация; source=source:local_markdown:19398a8abc802579; freshness=unknown] Этот опросник создается независимо от найденных файлов, чтобы не зависеть от неполноты документов. Он должен полностью покрывать: - актуальные цены; - абонементы; - пробные занятия; - скидки; - рассрочку; - расписание групп; - форматы занятий; - адреса; - онлайн/очно; - программы по классам; - программы по предметам; - правила записи; - какие данные запросить у клиента; - какие документы нужны; - куда отправлять документы; - что делать, если клиент не готов; - что делать, если клиент уже в AMO/Tallanto; - что делать, если у клиента несколько детей; - что делать, если есть акти..."", ""[Письма Оглавление; source=source:local_docx:a238607e99b38079; freshness=unknown] Письма оглавление""]",[],[],,True,question,education_process,service:S2_unclear,0.82,0.86,[],unknown,draft_for_manager,"Здравствуйте! Вижу ваш вопрос и сверю его с данными по заявке. В базе знаний есть ориентир для менеджера: [Завершение разговора; source=source:local_docx:a238607e99b38079; freshness=unknown] «[Имя Отчество], спасибо большое за такую подробную обратную связь и ваше время! Это очень ценно для нас.» Проверяем оплату: Если есть долг – мягко напоминаем) Отвечаем на... Перед отправкой проверим актуальность условий именно для вашей программы.","[""Проверить черновик перед отправкой клиенту.""]",[],[],"[""manager_approval_required"", ""no_auto_send""]",[],"[""knowledge_snippets""]",,,
telegram_stage6_kb_eval_v1,9,fake,1431545976,,13,13231,2025-09-01T12:47:46+00:00,Есть ли у вас пробные уроки ?,"2025-09-01T12:25:44+00:00 client: Добрый день) у вас центр репетиторов ?
2025-09-01T12:39:24+00:00 manager: Добрый день! Дополнительное образование для школьников 3 - 11 классы.
2025-09-01T12:39:31+00:00 manager: Какой предмет Вас интересует?
2025-09-01T12:40:31+00:00 client: Физика
2025-09-01T12:40:38+00:00 client: Подготовка
2025-09-01T12:45:32+00:00 manager: Напишите, пожалуйста, класс ученика.
2025-09-01T12:47:05+00:00 client: 9",20260517_night_v1,6,,"[""[Опросник 1. Коммерческая и учебная информация; source=source:local_markdown:19398a8abc802579; freshness=unknown] Этот опросник создается независимо от найденных файлов, чтобы не зависеть от неполноты документов. Он должен полностью покрывать: - актуальные цены; - абонементы; - пробные занятия; - скидки; - рассрочку; - расписание групп; - форматы занятий; - адреса; - онлайн/очно; - программы по классам; - программы по предметам; - правила записи; - какие данные запросить у клиента; - какие документы нужны; - куда отправлять документы; - что делать, если клиент не готов; - что делать, если клиент уже в AMO/Tallanto; - что делать, если у клиента несколько детей; - что делать, если есть акти..."", ""[Что делать, если сделка уже есть; source=source:local_docx:a238607e99b38079; freshness=unknown] Если клиент уже есть в системе с активной сделкой по интересующему продукту: не создаём дублирующую сделку передаем лид менеджеру работающему с клиентом для отработки всех вопросов Способы проверки (скрины) Авто проверка в АМО Ручной поиск"", ""[Экспорт ученика из Талланто в АМО; source=source:local_docx:a238607e99b38079; freshness=unknown] Экспорт ученика из Талланто в АМО Если случится так, что человек есть в Талланто, но не создана карточка клиента в АМО, то из АМО ее можно экспортировать. Путь исправления проблемы: Заходим в ученики - находим нужного - действия - экспортировать в АМО CRM"", ""[Завершение разговора; source=source:local_docx:a238607e99b38079; freshness=unknown] «[Имя Отчество], спасибо большое за такую подробную обратную связь и ваше время! Это очень ценно для нас.» Проверяем оплату: Если есть долг – мягко напоминаем) Отвечаем на финальные вопросы: «Остались ли у вас ко мне какие-то вопросы?» Прощаемся: «Еще раз спасибо! Хорошего вам дня! Передавайте привет [Имя]!»"", ""[KC_BOT_KNOWLEDGE_BASE_DRAFT_2026-05-13; source=source:local_markdown:cdb6228413e11d7a; freshness=unknown] | 1-4 класс онлайн | 1 занятие в неделю по 2-3 академических часа | семестр 19 000, год 33 300/29 900 | семестр 29 700/22 500, год 52 500/47 250 | требует проверки менеджера | В таблице ФОТОНа есть неоднозначные колонки со скидочными ценами. Для клиентского ответа использовать только после ручного подтверждения формулировок."", ""[Создать занятие в группе; source=source:local_docx:a238607e99b38079; freshness=unknown] Как создать занятие в группе Действия по шагам: Заходим в группу, от которой нужно создать занятие Находим вкладку \""занятия\"" и нажимаем на “+” Далее заполняем поля, выделенные на скрине 2 Переходим в раздел \""дополнительно\"" и выбираем филиал (если в группе есть филиал, то он подтянется автоматически. если нет, то нужно проставить) Скрин 1: Скрин 2:""]",[],[],,True,question,education_process,service:S2_unclear,0.82,0.86,[],unknown,draft_for_manager,"Здравствуйте! Вижу ваш вопрос и сверю его с данными по заявке. В базе знаний есть ориентир для менеджера: [Опросник 1. Коммерческая и учебная информация; source=source:local_markdown:19398a8abc802579; freshness=unknown] Этот опросник создается независимо от найденных файлов, чтобы не зависеть от неполноты документов. Он должен полностью покрывать: - актуальные... Перед отправкой проверим актуальность условий именно для вашей программы.","[""Проверить черновик перед отправкой клиенту.""]",[],[],"[""manager_approval_required"", ""no_auto_send""]",[],"[""knowledge_snippets""]",,,
telegram_stage6_kb_eval_v1,10,fake,1750927174,,27,5841,2024-09-04T11:09:54+00:00,Добрый день мы предварительно записывались на физику в Москве для 8 класса. Наши действия?,"2024-07-02T14:27:57+00:00 manager: Поскажите еще, пожалуйста: 1. Какие цели обучения (подтянуть знания, Углубить школьные знания, Готовиться к олимпиадам) 2. Как сейчас у ребенка с физикой. Какая оценка в школе, что говорят преподователи (если что-то говорят) 3. в какой школе учится ученик (есть углубленная программа по физике и тп) 4. Участвовали в олимпиадах, ходили на доп занятия или кружки Это нужно для более качественного определения группы
2024-07-02T14:52:04+00:00 client: Школа 1195. Оценка по физике 4, но преподаватель ноль. Обещали поменять преподавателя, но не известно, поменяют ли. Физика возможно будет углубленная с 10 класса(Инженерный класс). Сейчас учится в матвертикали, но я бы не сказала, что уровень математики хороший, но я училась сама в физмат-классе. Может сейчас это норма. Цель-поступить в технический институт, соответственно ЕГЭ, заинтересоваться физикой . Физика только началась, 7 класс был как бы вводный, галопом по всей физике, надеюсь, не упустили. Задач решали мало (одна задача на весь урок на применение одной формулы), лабораторных не было. Знаний мало, все что знает изучали дома. Но ребёнок когда захочет, решает. Диагностику мцко сдал хорошо, хотя готовились дома полчаса.
2024-07-03T07:59:20+00:00 manager: Спасибо большое!
2024-08-07T12:34:40+00:00 client: Добрый день, появились вопросы по месту обучения. 1. Если не пойдёт очное обучение (нам ехать далеко), можно будет перевестись на удаленку? 2. Можете выслать расписание для 8 класса в обоих корпусах? И в центре и в Долгопрудном (мы посмотрели, в Долгопрудный ехать чуть дальше, зато без пересадок по диаметру). Думаем, куда удобнее ехать.
2024-08-08T13:51:22+00:00 manager: Добрый день. Перевестись в онлайн формат возможность есть. Ниже Вы можете ознакомиться с временем проведения занятий. Москва: Математика Воскресенье 12.15-14.15 (Базовый) Воскресенье 14.30-16.30 (Базовый или Продвинутый) Физика Воскресенье 12.15-14.15 (Базовый или Продвинутый) Информатика Воскресенье 10.00-12.00 (Базовый или Продвинутый) МФТИ: Математика Воскресенье 09.30-11.30 Физика Воскресенье 11.45-13.45 Информатика Воскресенье 14.00-16.00
2024-08-08T13:54:56+00:00 client: Спасибо! В любом случае сначала хочу очный формат попробовать! А потом уже если совсем тяжело ездить будет, то онлайн.
2024-08-08T14:18:39+00:00 manager: Хорошо. Подскажите пожалуйста, готовы записаться на курс?
2024-08-08T14:21:27+00:00 client: Мы записались уже на физику в Москве. Но думаем, не перезаписать я ли в Долгопрудный (ехать дольше, но без пересадок). Но пока оставим запись как есть.
2024-08-08T14:23:15+00:00 manager: Отлично. В случае изменений в расписании/филиале, Вы можете с нами связаться в этом чате.
2024-08-08T14:23:36+00:00 client: Хорошо, спасибо",20260517_night_v1,6,,"[""[Часть 3: Запись на следующий год; source=source:local_docx:a238607e99b38079; freshness=unknown] Спасибо за обратную связь, нам она очень важна.Подскажите, вы планируете продолжить обучение в следующем году? Если ответ: даМы сейчас открыли раннее бронирование на следующий учебный год 2026–2027. Для действующих учеников Фотона — лучшие условия:📌 Фиксируем цену уже сейчас (при записи до 1 мая и оплате до 15 мая) 📌 Вы сами выбираете удобный день — суббота или воскресенье Цена для предварительной записи: 47250 за год или 29750 за семестр для 5-11 классов.По итогам финального тестирования в этом году мы также сформируем рекомендации по дальнейшему обучению и уровню группы. Какой день вам удобн..."", ""[Экспорт ученика из Талланто в АМО; source=source:local_docx:a238607e99b38079; freshness=unknown] Экспорт ученика из Талланто в АМО Если случится так, что человек есть в Талланто, но не создана карточка клиента в АМО, то из АМО ее можно экспортировать. Путь исправления проблемы: Заходим в ученики - находим нужного - действия - экспортировать в АМО CRM"", ""[Создать занятие в группе; source=source:local_docx:a238607e99b38079; freshness=unknown] Как создать занятие в группе Действия по шагам: Заходим в группу, от которой нужно создать занятие Находим вкладку \""занятия\"" и нажимаем на “+” Далее заполняем поля, выделенные на скрине 2 Переходим в раздел \""дополнительно\"" и выбираем филиал (если в группе есть филиал, то он подтянется автоматически. если нет, то нужно проставить) Скрин 1: Скрин 2:"", ""[ЦДПО ФОТОН; source=source:local_markdown:cdb6228413e11d7a; freshness=unknown] - Очные курсы в Москве и Долгопрудном. - Направления: ЕГЭ, ОГЭ, математика, физика, информатика, русский язык, олимпиадная подготовка, 3-8 классы, 9-11 классы, летние школы, выездные школы, онлайн-курсы, индивидуальные занятия. - Публичные источники: [cdpofoton.ru](https://cdpofoton.ru), [каталог курсов](https://cdpofoton.ru/courses/), [акции](https://cdpofoton.ru/promotion/), [контакты](https://cdpofoton.ru/contacts/). Статус: можно клиенту после подтверждения."", ""[Привязка АМО к Талланто; source=source:local_docx:a238607e99b38079; freshness=unknown] Привязка карточки АМО к Талланто Если встретите такой кейс:- карточка клиента есть в АМО (у ее какой-то ID…). - карточка клиента есть в Талланто (у ее какой-то ID…)- мы понимаем, что ID карточки в АМО и Талланто не совпадает (возможная причина - задвоение данных в одной из систем и некорректное объединение)- вам нужно чтобы данные соответствовали в обоих системах и корректно подтягивались в обе стороны Путь исправления проблемы: Заходим в ученики - находим нужного - действия - связать с карточкой в АМО CRM - копируем адрес адресной строки из АМО - вставляем - подтверждаем изменение!Новая синхронизация..."", ""[Перевод с УНПК на Фотон; source=source:local_docx:a238607e99b38079; freshness=unknown] Скрипт перевода с УНПК на ФОТОН (пример по ЛВШ) Обязательно в начале разговора узнаем класс и пол ребенка (к примеру девочка 7 класс), отвечаем, что, к сожалению, на данный момент есть только место, к примеру, для мальчика 9 класса.Но можем переключить вас на других организаторов ЛВШ, возможно у них есть места в подходящие для вас даты.Ответы на часто задаваемые вопросы:Кто они такие (что за компания?)- компания ФОТОН, раньше с ними сотрудничали, они нам помогали организовывать выездные школы.Как вы связаны?- На данный момент никак, раньше сотрудничали, сейчас нет.Почему вы переводите на них?- Мы раньш...""]",[],[],,True,question,education_process,service:S2_unclear,0.82,0.86,[],unknown,draft_for_manager,"Здравствуйте! Вижу ваш вопрос и сверю его с данными по заявке. В базе знаний есть ориентир для менеджера: [Часть 3: Запись на следующий год; source=source:local_docx:a238607e99b38079; freshness=unknown] Спасибо за обратную связь, нам она очень важна.Подскажите, вы планируете продолжить обучение в следующем году? Если ответ: даМы сейчас открыли раннее бронирован... Перед отправкой проверим актуальность условий именно для вашей программы.","[""Проверить черновик перед отправкой клиенту.""]",[],[],"[""manager_approval_required"", ""no_auto_send""]",[],"[""knowledge_snippets""]",,,
telegram_stage6_kb_eval_v1,11,fake,1751378045,,9,16392,2026-03-19T06:42:41+00:00,"Не надо связываться, спасибо","2026-03-17T11:27:26+00:00 client: Здравствуйте, я Аркадий Арутинян. Ученик 10 класса. Хочу ходить на курсы подготовки ЕГЭ. Я слышал занятия по воскресеньям, да?
2026-03-17T11:35:58+00:00 manager: Добрый день! Да, есть занятия по воскресеньям. Подскажите, пожалуйста, какой предмет Вас интересует?
2026-03-17T11:40:15+00:00 client: Математика
2026-03-17T11:43:33+00:00 manager: Ниже Вы можете ознакомиться с предметами и временем проведения занятий и выбрать интересующие вас направления. 10 класс Математика Суббота 12.15-14.15 Суббота 14.30-16.30 (Олимпиадный) Воскресенье 12.15-14.15 Курсы проходят по адресам: Суббота — Скорняжный пер. 3, стр. 1 (м. Сухаревская) Воскресенье — ул. Сретенка, 20 (м. Чистые пруды, Сухаревская). Стоимость за один предмет составляет: 8 900 руб. — 4 занятия (Пробный период), далее 11 400 руб. — 4 занятия
2026-03-17T11:43:54+00:00 manager: Записать Вас?
2026-03-19T06:40:04+00:00 manager: Добрый день! Подскажите, пожалуйста, приняли ли Вы решение о записи?
2026-03-19T06:40:34+00:00 client: Здравствуйте, нет
2026-03-19T06:41:45+00:00 manager: Когда с Вами связаться для уточнения?",20260517_night_v1,6,,"[""[Проверка активной сделки лид/клиента; source=source:local_docx:a238607e99b38079; freshness=unknown] Как проверить если ли контакт/сделка на клиента? В воронке «Лиды» собираются все заявки из любых точек входа.При входе в неразобранную заявку система предлагает принять заявку — распределить её на себя. Перед тем как связываться с клиентом, важно проверить, нет ли у этого клиента уже активных сделок."", ""[Завершение разговора; source=source:local_docx:a238607e99b38079; freshness=unknown] «[Имя Отчество], спасибо большое за такую подробную обратную связь и ваше время! Это очень ценно для нас.» Проверяем оплату: Если есть долг – мягко напоминаем) Отвечаем на финальные вопросы: «Остались ли у вас ко мне какие-то вопросы?» Прощаемся: «Еще раз спасибо! Хорошего вам дня! Передавайте привет [Имя]!»"", ""[Часть 3: Запись на следующий год; source=source:local_docx:a238607e99b38079; freshness=unknown] Спасибо за обратную связь, нам она очень важна.Подскажите, вы планируете продолжить обучение в следующем году? Если ответ: даМы сейчас открыли раннее бронирование на следующий учебный год 2026–2027. Для действующих учеников Фотона — лучшие условия:📌 Фиксируем цену уже сейчас (при записи до 1 мая и оплате до 15 мая) 📌 Вы сами выбираете удобный день — суббота или воскресенье Цена для предварительной записи: 47250 за год или 29750 за семестр для 5-11 классов.По итогам финального тестирования в этом году мы также сформируем рекомендации по дальнейшему обучению и уровню группы. Какой день вам удобн..."", ""[Письма Оглавление; source=source:local_docx:a238607e99b38079; freshness=unknown] Письма оглавление"", ""[Запись в группу/занятие через АМО; source=source:local_docx:a238607e99b38079; freshness=unknown] Запись в группу/занятие через АМО"", ""[Манго Оглавление; source=source:local_docx:a238607e99b38079; freshness=unknown] АМО Оглавление Как запустить карусель""]",[],[],,True,question,education_process,service:S2_unclear,0.82,0.86,[],unknown,draft_for_manager,Здравствуйте! Вижу ваш вопрос и сверю его с данными по заявке. В базе знаний есть ориентир для менеджера: [Проверка активной сделки лид/клиента; source=source:local_docx:a238607e99b38079; freshness=unknown] Как проверить если ли контакт/сделка на клиента? В воронке «Лиды» собираются все заявки из любых точек входа.При входе в неразобранную заявку система предла... Перед отправкой проверим актуальность условий именно для вашей программы.,"[""Проверить черновик перед отправкой клиенту.""]",[],[],"[""manager_approval_required"", ""no_auto_send""]",[],"[""knowledge_snippets""]",,,
telegram_stage6_kb_eval_v1,12,fake,1823221342,,14,6474,2024-09-20T08:31:13+00:00,Письмо со ссылкой получила. Спасибо.,"2024-09-03T13:04:03+00:00 client: Информатика суббота с 12-30 - 14-30
2024-09-03T13:04:05+00:00 manager: Для записи нам понадобиться некоторая информация. Подскажите пожалуйста, ФИО ученика, класс, ФИО родителя, номер телефона, адрес эл.почты и предметы подготовки.
2024-09-03T13:05:39+00:00 client: Кострицкая Зоряна Павловна 9 класс Кострицкая Виктория Валерьевна +79513678855 (только ТГ или Ватсапп) viki24@mail.ru Информатика
2024-09-03T14:47:29+00:00 manager: Записали ученика на занятия. Вам, на Ваш адрес эл.почты, придет подтверждение записи.
2024-09-17T07:02:14+00:00 client: Здравствуйте, сейчас хочу оплатить учёбу и хочу уточнить: 9-й класс. Информатика. Онлайн. Сколько стоит отдельно первый семестр и отдельно второй, если оплачивать по-семестрово.
2024-09-17T07:02:44+00:00 client: А то в письме, только сумма за первый семестр и за год.
2024-09-17T14:13:57+00:00 manager: Добрый день. 29 750 руб - 1 семестр (20 занятий) 22 500 руб. - 2 семестр (15 занятий)
2024-09-17T16:42:37+00:00 client: Спасибо
2024-09-19T22:37:04+00:00 client: 
2024-09-19T22:37:54+00:00 client: Оплатили 1 семестр обучения курса по информатике. Подскажите, где завтра искать ссылку на 1 занятие?",20260517_night_v1,6,,"[""[Завершение разговора; source=source:local_docx:a238607e99b38079; freshness=unknown] «[Имя Отчество], спасибо большое за такую подробную обратную связь и ваше время! Это очень ценно для нас.» Проверяем оплату: Если есть долг – мягко напоминаем) Отвечаем на финальные вопросы: «Остались ли у вас ко мне какие-то вопросы?» Прощаемся: «Еще раз спасибо! Хорошего вам дня! Передавайте привет [Имя]!»"", ""[Часть 3: Запись на следующий год; source=source:local_docx:a238607e99b38079; freshness=unknown] Спасибо за обратную связь, нам она очень важна.Подскажите, вы планируете продолжить обучение в следующем году? Если ответ: даМы сейчас открыли раннее бронирование на следующий учебный год 2026–2027. Для действующих учеников Фотона — лучшие условия:📌 Фиксируем цену уже сейчас (при записи до 1 мая и оплате до 15 мая) 📌 Вы сами выбираете удобный день — суббота или воскресенье Цена для предварительной записи: 47250 за год или 29750 за семестр для 5-11 классов.По итогам финального тестирования в этом году мы также сформируем рекомендации по дальнейшему обучению и уровню группы. Какой день вам удобн..."", ""[Письма Оглавление; source=source:local_docx:a238607e99b38079; freshness=unknown] Письма оглавление"", ""[Запись в группу/занятие через АМО; source=source:local_docx:a238607e99b38079; freshness=unknown] Запись в группу/занятие через АМО"", ""[Манго Оглавление; source=source:local_docx:a238607e99b38079; freshness=unknown] АМО Оглавление Как запустить карусель"", ""[Скрипты; source=source:local_docx:a238607e99b38079; freshness=unknown] Скрипты Обзвоны - скрипты от Бурнашова Д.:""]",[],[],,True,question,education_process,theme:025_missing_links_access,0.82,0.86,[],unknown,manager_only,"Здравствуйте! Вижу ваш вопрос и сверю его с данными по заявке. В базе знаний есть ориентир для менеджера: [Завершение разговора; source=source:local_docx:a238607e99b38079; freshness=unknown] «[Имя Отчество], спасибо большое за такую подробную обратную связь и ваше время! Это очень ценно для нас.» Проверяем оплату: Если есть долг – мягко напоминаем) Отвечаем на... Перед отправкой проверим актуальность условий именно для вашей программы.","[""Проверить черновик перед отправкой клиенту."", ""Исходное сообщение клиента содержит высокорисковую тему: проверить вручную.""]",[],[],"[""manager_approval_required"", ""no_auto_send"", ""high_risk_input_manager_only"", ""high_risk_manager_only""]",[],"[""knowledge_snippets""]",,,
telegram_stage6_kb_eval_v1,13,fake,331532799,,7,3014,2024-05-01T10:56:59+00:00,"Здравствуйте, Летняя Выездная школа находится в Менделеево у Зеленограда?",,20260517_night_v1,6,,"[""[Продукты Оглавление; source=source:local_docx:a238607e99b38079; freshness=unknown] Письма оглавление Интенсив 2026 Летняя школа 2026"", ""[Летняя школа 2026; source=source:local_docx:a238607e99b38079; freshness=unknown] Ленды:Фотон https://cdpofoton.ru/landing/letnyaya-shkola.php УНПК: https://kmipt.ru/courses/Kanikuly/Letnyaya_shkola/"", ""[Перевод с УНПК на Фотон; source=source:local_docx:a238607e99b38079; freshness=unknown] Скрипт перевода с УНПК на ФОТОН (пример по ЛВШ) Обязательно в начале разговора узнаем класс и пол ребенка (к примеру девочка 7 класс), отвечаем, что, к сожалению, на данный момент есть только место, к примеру, для мальчика 9 класса.Но можем переключить вас на других организаторов ЛВШ, возможно у них есть места в подходящие для вас даты.Ответы на часто задаваемые вопросы:Кто они такие (что за компания?)- компания ФОТОН, раньше с ними сотрудничали, они нам помогали организовывать выездные школы.Как вы связаны?- На данный момент никак, раньше сотрудничали, сейчас нет.Почему вы переводите на них?- Мы раньш..."", ""[Письма Оглавление; source=source:local_docx:a238607e99b38079; freshness=unknown] Письма оглавление"", ""[Запись в группу/занятие через АМО; source=source:local_docx:a238607e99b38079; freshness=unknown] Запись в группу/занятие через АМО"", ""[Манго Оглавление; source=source:local_docx:a238607e99b38079; freshness=unknown] АМО Оглавление Как запустить карусель""]",[],[],,True,question,education_process,service:S2_unclear,0.82,0.86,[],unknown,draft_for_manager,Здравствуйте! Вижу ваш вопрос и сверю его с данными по заявке. В базе знаний есть ориентир для менеджера: [Продукты Оглавление; source=source:local_docx:a238607e99b38079; freshness=unknown] Письма оглавление Интенсив 2026 Летняя школа 2026 Перед отправкой проверим актуальность условий именно для вашей программы.,"[""Проверить черновик перед отправкой клиенту.""]",[],[],"[""manager_approval_required"", ""no_auto_send""]",[],"[""knowledge_snippets""]",,,
telegram_stage6_kb_eval_v1,14,fake,421419227,high_risk_text_marker,9,9694,2024-12-13T11:41:11+00:00,"Добрый день, оплата за Еремина М и Еремина М","2024-11-12T09:11:31+00:00 client: Здравствуйте, Еремин М 5 класс и Еремина М 8 класс были на занятии 10.11 , подскажите, вы обещали прислать ссылки, по которым ребят присоединят в общий чат
2024-11-12T09:13:53+00:00 manager: Добрый день! Ссылка на чат 5 класс - https://t.me/+mnkJmI_SJ1diODMy
2024-11-12T09:14:18+00:00 manager: Ссылка на чат 8 класс - https://t.me/+CKw3TXJWY7g2MjEy
2024-11-12T09:14:26+00:00 client: Спасибо
2024-11-24T08:48:17+00:00 client: Добрый день, Маша Еремина и Максим Еремин сегодня пропустят, болеют еще
2024-11-25T07:02:43+00:00 manager: Спасибо за информацию!
2024-12-13T11:40:25+00:00 client: ",20260517_night_v1,6,,"[""[Часть 3: Запись на следующий год; source=source:local_docx:a238607e99b38079; freshness=unknown] Спасибо за обратную связь, нам она очень важна.Подскажите, вы планируете продолжить обучение в следующем году? Если ответ: даМы сейчас открыли раннее бронирование на следующий учебный год 2026–2027. Для действующих учеников Фотона — лучшие условия:📌 Фиксируем цену уже сейчас (при записи до 1 мая и оплате до 15 мая) 📌 Вы сами выбираете удобный день — суббота или воскресенье Цена для предварительной записи: 47250 за год или 29750 за семестр для 5-11 классов.По итогам финального тестирования в этом году мы также сформируем рекомендации по дальнейшему обучению и уровню группы. Какой день вам удобн..."", ""[KC_BOT_KNOWLEDGE_BASE_DRAFT_2026-05-13; source=source:local_markdown:cdb6228413e11d7a; freshness=unknown] | 1-4 класс онлайн | 1 занятие в неделю по 2-3 академических часа | семестр 19 000, год 33 300/29 900 | семестр 29 700/22 500, год 52 500/47 250 | требует проверки менеджера | В таблице ФОТОНа есть неоднозначные колонки со скидочными ценами. Для клиентского ответа использовать только после ручного подтверждения формулировок."", ""[Ключевые факты (для быстрого ответа):; source=source:local_docx:a238607e99b38079; freshness=unknown] Параметр | Значение | Бренд | УНПК МФТИ | Классы | 10-11 классы | Предметы | математика (профиль), физика | Длительность | 8 недель | Дата старта | 14 апреля - физика15 апреля - математика | Формат | онлайн, 2 занятия в неделю | Группы | 10–15 человек | Условия по оплате | Изменения цены не запланировано, но на лендинге информация про оплату до 7 апреля.1 предмет - 18 8002 предмета - 34 4001 блок - 9 400 (всего 2 блока)"", ""[Принцип обработки каждого файла; source=source:local_markdown:19398a8abc802579; freshness=unknown] Для каждого файла из Google Drive нужно зафиксировать: - путь внутри Google Drive; - название; - тип файла; - дата изменения; - удалось ли прочитать; - чем файл полезен; - какие факты извлечены; - какие факты требуют подтверждения; - есть ли цены, расписание, адреса, условия, правила записи, скрипты, статистика; - можно ли использовать информацию для ответа клиенту; - какие вопросы файл помогает закрывать; - какие противоречия или устаревшие места обнаружены. Если файл не удается прочитать автоматически, он не пропускается молча. Для него ставится статус: - `нет доступа`; - `нужно скачать в..."", ""[Цель 1: Поделиться результатами обучения на данный момент, проинформировать о результатах контрольного среза, собрать обратную связь и усилить вовлеченность.; source=source:local_docx:a238607e99b38079; freshness=unknown] Цель 2: Предложить переход на следующий год по лучшим условиям (раннее бронирование). Перед звонком проверяем: наличие отзыва в таблице (добавляем туда данные из МТС-линка при необходимости). оплату в Талланто Во время разговора: обязательно хотя бы раз хвалим ребенка дослушиваем до конца все, что говорит родитель и задаем доп вопросы, если они уместны, записываем все в таблицу Важно на весну 2026 Разделение ФОТОН и УНПК Если в названии группы ученика стоит (УНПК), то зв..."", ""[Структура будущей базы знаний; source=source:local_markdown:19398a8abc802579; freshness=unknown] Базу знаний нужно собрать не как свободный текст, а как набор проверяемых записей. У каждой записи должны быть: - категория; - краткий факт; - полная формулировка для менеджера; - безопасная формулировка для клиента; - источник; - дата источника; - уровень уверенности; - статус актуальности; - можно ли боту использовать в ответе; - нужен ли менеджер; - причин…""]","[""prices.current""]","[{""blocks_precise_answer"": true, ""candidate_source_ids"": [""source:local_docx:a238607e99b38079"", ""source:local_markdown:19398a8abc802579"", ""source:local_json:67cddf8247d07f49"", ""source:google_drive_doc:45de1d52eb2dbe32"", ""source:google_drive_doc:eef515411fedd003""], ""fact_key"": ""prices.current"", ""fact_type"": ""price"", ""reason"": ""fact_source_not_fresh"", ""safe_instruction"": ""Do not name exact price, discount, or payment deadline without a fresh verified price source.""}]",,True,question,commercial,theme:001_pricing,0.82,0.86,[],unknown,manager_only,"Здравствуйте! Вижу ваш вопрос и сверю его с данными по заявке. В базе знаний есть ориентир для менеджера: [Часть 3: Запись на следующий год; source=source:local_docx:a238607e99b38079; freshness=unknown] Спасибо за обратную связь, нам она очень важна.Подскажите, вы планируете продолжить обучение в следующем году? Если ответ: даМы сейчас открыли раннее бронирован... Перед отправкой проверим актуальность условий именно для вашей программы.","[""Проверить черновик перед отправкой клиенту.""]","[""prices.current""]","[""facts_stale"", ""facts_missing""]","[""manager_approval_required"", ""no_auto_send"", ""baseline_high_risk_preserved""]",[],"[""knowledge_snippets""]",,,
telegram_stage6_kb_eval_v1,15,fake,426475103,,9,9690,2024-12-13T08:58:59+00:00,Есть ли пробное занятие?,"2024-12-13T08:50:38+00:00 client: Здравствуйте
2024-12-13T08:51:01+00:00 client: Меня заинтересовал он лайн курсы по математике для ребёнка 3класс
2024-12-13T08:51:21+00:00 client: Подскажите формат, расписание, стоимость и возможен ли набор?
2024-12-13T08:54:02+00:00 manager: Добрый день! Расписание онлайн-занятий для 3 класса: * Математика Сб 12.30-13.50 Занятия начались с 21 сентября. Курс включает в себя 35 занятий (один раз в неделю) по 2 академических часа Подключение проходит через платформу MTS-link. Записи занятий доступны для просмотра на платформе после каждого урока. Стоимость за один предмет составляет: 27 000 руб. — 20 занятий (Первый семестр) 42 500 руб. — 35 занятий (Академический год) https://kmipt.ru/courses/online_3_4/courses_online_3_4/
2024-12-13T08:54:37+00:00 manager: После регистрации на платформе, у Вас будет доступ ко всему курсу, Записи и материалы прошлых уроков хранятся в личном кабинете.
2024-12-13T08:55:17+00:00 manager: Записать Вас на занятия?",20260517_night_v1,6,,"[""[KC_BOT_KNOWLEDGE_BASE_DRAFT_2026-05-13; source=source:local_markdown:cdb6228413e11d7a; freshness=unknown] | 1-4 класс онлайн | 1 занятие в неделю по 2-3 академических часа | семестр 19 000, год 33 300/29 900 | семестр 29 700/22 500, год 52 500/47 250 | требует проверки менеджера | В таблице ФОТОНа есть неоднозначные колонки со скидочными ценами. Для клиентского ответа использовать только после ручного подтверждения формулировок."", ""[Создать занятие в группе; source=source:local_docx:a238607e99b38079; freshness=unknown] Как создать занятие в группе Действия по шагам: Заходим в группу, от которой нужно создать занятие Находим вкладку \""занятия\"" и нажимаем на “+” Далее заполняем поля, выделенные на скрине 2 Переходим в раздел \""дополнительно\"" и выбираем филиал (если в группе есть филиал, то он подтянется автоматически. если нет, то нужно проставить) Скрин 1: Скрин 2:"", ""[Запись в группу/занятие через АМО; source=source:local_docx:a238607e99b38079; freshness=unknown] Запись в группу/занятие через АМО"", ""[Талланто оглавление; source=source:local_docx:a238607e99b38079; freshness=unknown] Талланто Оглавление Как создать занятие в группе"", ""[Принцип обработки каждого файла; source=source:local_markdown:19398a8abc802579; freshness=unknown] Для каждого файла из Google Drive нужно зафиксировать: - путь внутри Google Drive; - название; - тип файла; - дата изменения; - удалось ли прочитать; - чем файл полезен; - какие факты извлечены; - какие факты требуют подтверждения; - есть ли цены, расписание, адреса, условия, правила записи, скрипты, статистика; - можно ли использовать информацию для ответа клиенту; - какие вопросы файл помогает закрывать; - какие противоречия или устаревшие места обнаружены. Если файл не удается прочитать автоматически, он не пропускается молча. Для него ставится статус: - `нет доступа`; - `нужно скачать в..."", ""[Пошаговая инструкция; source=source:local_docx:a238607e99b38079; freshness=unknown] Зайти в карточку сделки → в правом верхнем углу нажать виджет «Талланто» Выбрать контакт (подтягивается автоматически) → «Далее» Откроется вкладка «Новая запись» с фильтрами: филиалы, предметы, преподаватели, группы, дата Из всех фильтров нужен только «Группы».Начать вводить «Новые ученики АМО...» → выбрать нужную группу Нажать «Поиск занятий» → система найдёт занятие (оно одно в каждой группе) → кликнуть на занятие → «Записать» Откроется поле «Комментарий к записи» (можно оставить пометку для филиала) → «Далее» → «Записать» Готово. Ученик записан в занятие.Это видно и в Талланто, и в карточке АМО (в видж...""]",[],"[{""blocks_precise_answer"": true, ""candidate_source_ids"": [""source:local_docx:a238607e99b38079"", ""source:local_json:67cddf8247d07f49""], ""fact_key"": ""schedule.current"", ""fact_type"": ""schedule"", ""reason"": ""schedule_source_not_ready"", ""safe_instruction"": ""Do not name exact group time or lesson date. Use the schedule-safe template and ask manager to follow up.""}]",,True,question,education_process,service:S2_unclear,0.82,0.86,[],unknown,manager_only,"Здравствуйте! Передам вопрос менеджеру: здесь нужно сверить актуальные условия и не обещать суммы, проценты или сроки без подтвержденного источника.","[""Проверить черновик перед отправкой клиенту."", ""Черновик содержит конкретную цифру, сумму, процент или срок без подтвержденного свежего факта: проверить вручную."", ""Исходное сообщение клиента содержит высокорисковую тему: проверить вручную.""]",[],"[""facts_missing""]","[""manager_approval_required"", ""no_auto_send"", ""unsupported_promise_detected"", ""high_risk_input_manager_only"", ""high_risk_manager_only"", ""unsupported_promise_removed_from_stage6_draft""]","[""по 2-3""]","[""knowledge_snippets""]",,,
telegram_stage6_kb_eval_v1,16,fake,5194977220,,34,16490,2026-03-23T07:46:20+00:00,Напишите мне в макс тестовое сообщение🙏,"2026-03-19T06:20:36+00:00 manager: Добрый день! Занятие 15 марта без оплаты. Последний абонемент от 5.02 распределился на занятия - 8.02, 15.02, 1.03 и 8.03.
2026-03-19T06:26:43+00:00 client: Можно счет на оплату?
2026-03-19T06:27:25+00:00 manager: Будет удобно по квитанции с QR-кодом или заказать ссылку для оплаты?🙏🏼
2026-03-19T06:29:52+00:00 client: Qr код
2026-03-19T06:51:28+00:00 manager: Направила Вам на эл. почту письмо🙏🏼
2026-03-19T07:20:15+00:00 client: 
2026-03-19T08:02:16+00:00 manager: Спасибо, принято!
2026-03-22T13:50:27+00:00 client: Доброго дня, Лиза приболела. Сегодня без справки пропуск. И скажите сколько у нас осталось уроков? Спасибо🌺
2026-03-22T14:00:17+00:00 client: Утром отправляла сообщение, но телеграмм не работал(((
2026-03-23T07:45:26+00:00 manager: Добрый день! Спасибо за информацию! Можно писать нам в макс🙏🏼 У Вас осталось еще 2 занятия на абонементе.",20260517_night_v1,6,,"[""[Часть 1: Информация об успехах и прогрессе; source=source:local_docx:a238607e99b38079; freshness=unknown] «Хочу немного рассказать о прогрессе [Имя ученика]». Общий прогресс по курсу: Берем информацию из последнего столбца “Сообщение” по каждой группе – там кратко описаны результаты. Если все нули, то просим пройти контрольные срезы в первую очередь Напоминание о платформе: «Напоминаю, что всю подробную информацию по курсу – расписание, домашние задания, оценки, записи уроков – вы всегда можете посмотреть в личном кабинете на нашей платформе. Уведомления о новых заданиях и вебинарах приходят на почту, указанную при регистрации.»"", ""[Письма Оглавление; source=source:local_docx:a238607e99b38079; freshness=unknown] Письма оглавление"", ""[Запись в группу/занятие через АМО; source=source:local_docx:a238607e99b38079; freshness=unknown] Запись в группу/занятие через АМО"", ""[Манго Оглавление; source=source:local_docx:a238607e99b38079; freshness=unknown] АМО Оглавление Как запустить карусель"", ""[Скрипты; source=source:local_docx:a238607e99b38079; freshness=unknown] Скрипты Обзвоны - скрипты от Бурнашова Д.:"", ""[Талланто оглавление; source=source:local_docx:a238607e99b38079; freshness=unknown] Талланто Оглавление Как создать занятие в группе""]",[],[],,True,question,education_process,service:S2_unclear,0.82,0.86,[],unknown,draft_for_manager,Здравствуйте! Вижу ваш вопрос и сверю его с данными по заявке. В базе знаний есть ориентир для менеджера: [Часть 1: Информация об успехах и прогрессе; source=source:local_docx:a238607e99b38079; freshness=unknown] «Хочу немного рассказать о прогрессе [Имя ученика]». Общий прогресс по курсу: Берем информацию из последнего столбца “Сообщение” по каждой группе – та... Перед отправкой проверим актуальность условий именно для вашей программы.,"[""Проверить черновик перед отправкой клиенту.""]",[],[],"[""manager_approval_required"", ""no_auto_send""]",[],"[""knowledge_snippets""]",,,
telegram_stage6_kb_eval_v1,17,fake,5223239650,,7,8842,2024-10-22T10:36:19+00:00,"ок, номер подскажите?","2024-10-22T04:46:30+00:00 client: Здравствуйте! У вас есть курсы по аналитике данных (Data Science)?
2024-10-22T08:11:33+00:00 manager: Добрый день! К сожалению, нет.
2024-10-22T10:22:05+00:00 client: А вы сотрудничаете с нетологией? У них на сайте информация . что выдают по окончании курсов от вас диплом по аналитике данных https://netology.ru/programs/data-analyst?ysclid=m2kamgqoma567909084 Можете подтврдить?
2024-10-22T10:27:44+00:00 manager: Вам лучше позвонить в справочную института. Есть множество подразделений. Мы не владеем информацией о сотрудничестве.",20260517_night_v1,6,,"[""[Способ 2. Ручной поиск; source=source:local_docx:a238607e99b38079; freshness=unknown] Скопировать контактную информацию клиента (ФИО, телефон, email и т.д.) Выйти во вкладку «Рабочий стол» Вставить данные в строку поиска Важно!Номер телефона вводим без пробелов.Иначе система может воспринять пробел как разрыв запроса и выдаст неточное совпадение, а все варианты, которые частично подходят."", ""[Карусель; source=source:local_docx:a238607e99b38079; freshness=unknown] Карусель (как запустить) Вход в ЛК: https://lk.mango-office.ru Путь к активации: Управление дозвоном (левая боковая панель) - карусель номеров - выбрать нужную карусель (их может быть несколько у компании) - сотрудники - добавить - сохранить - карусель ВКЛЮЧЕНА Отключение карусели: Повторяем путь как для активации (см. описание выше) - сотрудники - поставить галочку на ФИО - удалить выбранное удалить - карусель ОТКЛЮЧЕНА Визуальные подсказки “Путь к активации” Визуальные подсказки “Отключение карусели”"", ""[Часть 2: Сбор обратной связи; source=source:local_docx:a238607e99b38079; freshness=unknown] «А теперь я бы хотела/хотел услышать ваше мнение и мнение самого [Имя].» Обязательно задаем все три вопроса по очереди и записываем ответы. «Подскажите, а как сам/сама [Имя] отзывается о курсах? Что ему/ей особенно нравится, а что, возможно, не очень?» «А нравится ли [Имя] наш преподаватель, стиль его преподавания?» «Скажите, а что, по-вашему, могло бы сделать обучение у нас еще лучше и комфортнее для [Имя]?» (Отвечаем на вопросы родителей по ходу, записываем Обратную связь в поле “ОС родителей” в АМО)."", ""[Часть 3: Запись на следующий год; source=source:local_docx:a238607e99b38079; freshness=unknown] Спасибо за обратную связь, нам она очень важна.Подскажите, вы планируете продолжить обучение в следующем году? Если ответ: даМы сейчас открыли раннее бронирование на следующий учебный год 2026–2027. Для действующих учеников Фотона — лучшие условия:📌 Фиксируем цену уже сейчас (при записи до 1 мая и оплате до 15 мая) 📌 Вы сами выбираете удобный день — суббота или воскресенье Цена для предварительной записи: 47250 за год или 29750 за семестр для 5-11 классов.По итогам финального тестирования в этом году мы также сформируем рекомендации по дальнейшему обучению и уровню группы. Какой день вам удобн..."", ""[Письма Оглавление; source=source:local_docx:a238607e99b38079; freshness=unknown] Письма оглавление"", ""[Запись в группу/занятие через АМО; source=source:local_docx:a238607e99b38079; freshness=unknown] Запись в группу/занятие через АМО""]",[],[],,True,question,education_process,service:S2_unclear,0.82,0.86,[],unknown,draft_for_manager,"Здравствуйте! Вижу ваш вопрос и сверю его с данными по заявке. В базе знаний есть ориентир для менеджера: [Способ 2. Ручной поиск; source=source:local_docx:a238607e99b38079; freshness=unknown] Скопировать контактную информацию клиента (ФИО, телефон, email и т.д.) Выйти во вкладку «Рабочий стол» Вставить данные в строку поиска Важно!Номер телефона вводим без про... Перед отправкой проверим актуальность условий именно для вашей программы.","[""Проверить черновик перед отправкой клиенту.""]",[],[],"[""manager_approval_required"", ""no_auto_send""]",[],"[""knowledge_snippets""]",,,
telegram_stage6_kb_eval_v1,18,fake,532164893,high_risk_text_marker,6,2753,2024-04-15T10:05:36+00:00,"Добрый день! Нам уже прислали Договор и реквизиты для оплаты.
1. Попов Константин Алексеевич
2. 6 класс
3. Попов Алексей Викторович 
4. +79857667456
5. 7667456@mail.ru","2024-04-11T07:32:15+00:00 client: Добрый день! Хотела бы забронировать для сына участие в Летней Выездной школе, смена 22-30 июня. На сайте есть информация, что возможна бронь при внесении предоплаты в 15.000. Однако сайт при этом не даёт возможности оплатить смену частично, выдаёт только полную оплату. Как я могу забронировать место?
2024-04-11T12:03:43+00:00 manager: Здравствуйте! Бронь возможна только после записи в группу Подскажите, пожалуйста: 1. ФИО ученика 2 Класс 3. Ваше ФИО 4. Номер для связи 5. Почту для связи Запишу ученика в группу и на почту направлю договор и реквизиты для оплаты Также сформируем ссылку на оплату 15 000 руб. Она придет в течении пары дней с почты альфа-банка",20260517_night_v1,6,,"[""[Часть 3: Запись на следующий год; source=source:local_docx:a238607e99b38079; freshness=unknown] Спасибо за обратную связь, нам она очень важна.Подскажите, вы планируете продолжить обучение в следующем году? Если ответ: даМы сейчас открыли раннее бронирование на следующий учебный год 2026–2027. Для действующих учеников Фотона — лучшие условия:📌 Фиксируем цену уже сейчас (при записи до 1 мая и оплате до 15 мая) 📌 Вы сами выбираете удобный день — суббота или воскресенье Цена для предварительной записи: 47250 за год или 29750 за семестр для 5-11 классов.По итогам финального тестирования в этом году мы также сформируем рекомендации по дальнейшему обучению и уровню группы. Какой день вам удобн..."", ""[Структура будущей базы знаний; source=source:local_markdown:19398a8abc802579; freshness=unknown] Базу знаний нужно собрать не как свободный текст, а как набор проверяемых записей. У каждой записи должны быть: - категория; - краткий факт; - полная формулировка для менеджера; - безопасная формулировка для клиента; - источник; - дата источника; - уровень уверенности; - статус актуальности; - можно ли боту использовать в ответе; - нужен ли менеджер; - причина ограничения; - связанные вопросы клиента. Основные категории: - цены; - абонементы; - пробные занятия; - скидки; - рассрочка; - возвраты; - расписание; - адреса; - онлайн и очный формат; - программы по классам; - предметы; - подготовка..."", ""[Опросник 1. Коммерческая и учебная информация; source=source:local_markdown:19398a8abc802579; freshness=unknown] Этот опросник создается независимо от найденных файлов, чтобы не зависеть от неполноты документов. Он должен полностью покрывать: - актуальные цены; - абонементы; - пробные занятия; - скидки; - рассрочку; - расписание групп; - форматы занятий; - адреса; - онлайн/очно; - программы по классам; - программы по предметам; - правила записи; - какие данные запросить у клиента; - какие документы нужны; - куда отправлять документы; - что делать, если клиент не готов; - что делать, если клиент уже в AMO/Tallanto; - что делать, если у клиента несколько детей; - что делать, если есть акти..."", ""[Цель 1: Поделиться результатами обучения на данный момент, проинформировать о результатах контрольного среза, собрать обратную связь и усилить вовлеченность.; source=source:local_docx:a238607e99b38079; freshness=unknown] Цель 2: Предложить переход на следующий год по лучшим условиям (раннее бронирование). Перед звонком проверяем: наличие отзыва в таблице (добавляем туда данные из МТС-линка при необходимости). оплату в Талланто Во время разговора: обязательно хотя бы раз хвалим ребенка дослушиваем до конца все, что говорит родитель и задаем доп вопросы, если они уместны, записываем все в таблицу Важно на весну 2026 Разделение ФОТОН и УНПК Если в названии группы ученика стоит (УНПК), то зв..."", ""[Рассрочка; source=source:local_markdown:cdb6228413e11d7a; freshness=unknown] - Есть памятка по оформлению рассрочки: ссылка на фиксированную сумму, регистрация, ввод данных, решение банка, подписание договора, документы приходят на почту и доступны в личном кабинете/приложении банка. - В документах ЛВШ 2026 ФОТОН указаны варианты оплаты через сервис `Долями Плюс` от Т-Банка на 3, 6 или 10 месяцев, а также возможный процент сервиса. - В части регулярных курсов 2026/2027 в…"", ""[KC_BOT_KNOWLEDGE_BASE_DRAFT_2026-05-13; source=source:local_markdown:cdb6228413e11d7a; freshness=unknown] …""]","[""prices.current"", ""documents.current""]","[{""blocks_precise_answer"": true, ""candidate_source_ids"": [""source:local_docx:a238607e99b38079"", ""source:local_markdown:19398a8abc802579"", ""source:local_json:67cddf8247d07f49"", ""source:google_drive_doc:45de1d52eb2dbe32"", ""source:google_drive_doc:eef515411fedd003""], ""fact_key"": ""prices.current"", ""fact_type"": ""price"", ""reason"": ""fact_source_not_fresh"", ""safe_instruction"": ""Do not name exact price, discount, or payment deadline without a fresh verified price source.""}, {""blocks_precise_answer"": true, ""candidate_source_ids"": [""source:local_docx:a238607e99b38079"", ""source:local_markdown:cdb6228413e11d7a"", ""source:local_markdown:19398a8abc802579"", ""source:local_json:67cddf8247d07f49""], ""fact_key"": ""documents.current"", ""fact_type"": ""documents"", ""reason"": ""fact_source_not_fresh"", ""safe_instruction"": ""Do not cite exact document, refund, tax, or legal terms without a fresh verified document source.""}]",,True,question,commercial,theme:001_pricing,0.82,0.86,[],unknown,manager_only,"Здравствуйте! Вижу ваш вопрос и сверю его с данными по заявке. В базе знаний есть ориентир для менеджера: [Часть 3: Запись на следующий год; source=source:local_docx:a238607e99b38079; freshness=unknown] Спасибо за обратную связь, нам она очень важна.Подскажите, вы планируете продолжить обучение в следующем году? Если ответ: даМы сейчас открыли раннее бронирован... Перед отправкой проверим актуальность условий именно для вашей программы.","[""Проверить черновик перед отправкой клиенту.""]","[""prices.current"", ""documents.current""]","[""facts_stale"", ""facts_missing""]","[""manager_approval_required"", ""no_auto_send"", ""baseline_high_risk_preserved""]",[],"[""knowledge_snippets""]",,,
telegram_stage6_kb_eval_v1,19,fake,6962641825,,13,11027,2025-03-07T16:14:14+00:00,Здравствуйте! 8 марта занятия на Скорняжном будут?,"2024-06-08T08:19:27+00:00 manager: Здравствуйте! Давайте передам ваш контакт куратору направления, он с Вами свяжется
2024-06-08T08:51:31+00:00 client: Может написать на почту komarova.aleks@gmail.com
2024-06-08T14:16:07+00:00 manager: Хорошо. Передала информацию куратору, в ближайшее время он с вами свяжется
2024-06-08T14:16:15+00:00 client: Ок
2024-07-03T09:20:48+00:00 client: Здравствуйте! Дети записаны на смену с 8 по 19 июля физмат8 и 9 классы. А есть какое-то расписание, когда детям приходить, когда уходить?
2024-07-03T10:32:37+00:00 manager: Здравствуйте! На днях направят памятку Занятия начинаются в 10:00 и заканчиваются в 17:45
2024-09-12T11:08:43+00:00 client: Здравствуйте!
2024-09-12T11:09:38+00:00 client: Хотелось бы записать ребенка на 9 класс, по математике, физике и русскому. Занятия в Москве
2024-09-12T14:36:02+00:00 manager: Здравствуйте! Верно понимаю, что хотите записать Маргариту?
2024-09-12T14:56:01+00:00 client: Здравствуйте! Сегодня к Вам зашла)",20260517_night_v1,6,,"[""[Создать занятие в группе; source=source:local_docx:a238607e99b38079; freshness=unknown] Как создать занятие в группе Действия по шагам: Заходим в группу, от которой нужно создать занятие Находим вкладку \""занятия\"" и нажимаем на “+” Далее заполняем поля, выделенные на скрине 2 Переходим в раздел \""дополнительно\"" и выбираем филиал (если в группе есть филиал, то он подтянется автоматически. если нет, то нужно проставить) Скрин 1: Скрин 2:"", ""[Ключевые факты (для быстрого ответа):; source=source:local_docx:a238607e99b38079; freshness=unknown] Параметр | Значение | Бренд | УНПК МФТИ | Классы | 10-11 классы | Предметы | математика (профиль), физика | Длительность | 8 недель | Дата старта | 14 апреля - физика15 апреля - математика | Формат | онлайн, 2 занятия в неделю | Группы | 10–15 человек | Условия по оплате | Изменения цены не запланировано, но на лендинге информация про оплату до 7 апреля.1 предмет - 18 8002 предмета - 34 4001 блок - 9 400 (всего 2 блока)"", ""[Структура будущей базы знаний; source=source:local_markdown:19398a8abc802579; freshness=unknown] Базу знаний нужно собрать не как свободный текст, а как набор проверяемых записей. У каждой записи должны быть: - категория; - краткий факт; - полная формулировка для менеджера; - безопасная формулировка для клиента; - источник; - дата источника; - уровень уверенности; - статус актуальности; - можно ли боту использовать в ответе; - нужен ли менеджер; - причина ограничения; - связанные вопросы клиента. Основные категории: - цены; - абонементы; - пробные занятия; - скидки; - рассрочка; - возвраты; - расписание; - адреса; - онлайн и очный формат; - программы по классам; - предметы; - подготовка..."", ""[Опросник 1. Коммерческая и учебная информация; source=source:local_markdown:19398a8abc802579; freshness=unknown] Этот опросник создается независимо от найденных файлов, чтобы не зависеть от неполноты документов. Он должен полностью покрывать: - актуальные цены; - абонементы; - пробные занятия; - скидки; - рассрочку; - расписание групп; - форматы занятий; - адреса; - онлайн/очно; - программы по классам; - программы по предметам; - правила записи; - какие данные запросить у клиента; - какие документы нужны; - куда отправлять документы; - что делать, если клиент не готов; - что делать, если клиент уже в AMO/Tallanto; - что делать, если у клиента несколько детей; - что делать, если есть акти..."", ""[Запись в группу/занятие через АМО; source=source:local_docx:a238607e99b38079; freshness=unknown] Запись в группу/занятие через АМО"", ""[Талланто оглавление; source=source:local_docx:a238607e99b38079; freshness=unknown] Талланто Оглавление Как создать занятие в группе""]","[""schedule.current""]","[{""blocks_precise_answer"": true, ""candidate_source_ids"": [""source:local_docx:a238607e99b38079"", ""source:local_json:67cddf8247d07f49""], ""fact_key"": ""schedule.current"", ""fact_type"": ""schedule"", ""reason"": ""schedule_source_not_ready"", ""safe_instruction"": ""Do not name exact group time or lesson date. Use the schedule-safe template and ask manager to follow up.""}]",,True,question,education_process,service:S2_unclear,0.82,0.86,[],unknown,draft_for_manager,"Здравствуйте! Вижу ваш вопрос и сверю его с данными по заявке. В базе знаний есть ориентир для менеджера: [Создать занятие в группе; source=source:local_docx:a238607e99b38079; freshness=unknown] Как создать занятие в группе Действия по шагам: Заходим в группу, от которой нужно создать занятие Находим вкладку ""занятия"" и нажимаем на “+” Далее заполняем поля, выд... Перед отправкой проверим актуальность условий именно для вашей программы.","[""Проверить черновик перед отправкой клиенту.""]","[""schedule.current""]","[""facts_stale"", ""facts_missing""]","[""manager_approval_required"", ""no_auto_send""]",[],"[""knowledge_snippets""]",,,
telegram_stage6_kb_eval_v1,20,fake,837619059,,4,4451,2024-07-18T10:02:49+00:00,"Здравствуйте! 
Да, конечно! Сейчас отправлю Вам.","2024-07-18T09:33:44+00:00 manager: Здравствуйте! Дмитрий едет к нам на смену с 20 июля. Можете, пожалуйста, скинуть скан договора, подписанного с вашей стороны",20260517_night_v1,6,,"[""[Перевод с УНПК на Фотон; source=source:local_docx:a238607e99b38079; freshness=unknown] Скрипт перевода с УНПК на ФОТОН (пример по ЛВШ) Обязательно в начале разговора узнаем класс и пол ребенка (к примеру девочка 7 класс), отвечаем, что, к сожалению, на данный момент есть только место, к примеру, для мальчика 9 класса.Но можем переключить вас на других организаторов ЛВШ, возможно у них есть места в подходящие для вас даты.Ответы на часто задаваемые вопросы:Кто они такие (что за компания?)- компания ФОТОН, раньше с ними сотрудничали, они нам помогали организовывать выездные школы.Как вы связаны?- На данный момент никак, раньше сотрудничали, сейчас нет.Почему вы переводите на них?- Мы раньш..."", ""[Часть 3: Запись на следующий год; source=source:local_docx:a238607e99b38079; freshness=unknown] Спасибо за обратную связь, нам она очень важна.Подскажите, вы планируете продолжить обучение в следующем году? Если ответ: даМы сейчас открыли раннее бронирование на следующий учебный год 2026–2027. Для действующих учеников Фотона — лучшие условия:📌 Фиксируем цену уже сейчас (при записи до 1 мая и оплате до 15 мая) 📌 Вы сами выбираете удобный день — суббота или воскресенье Цена для предварительной записи: 47250 за год или 29750 за семестр для 5-11 классов.По итогам финального тестирования в этом году мы также сформируем рекомендации по дальнейшему обучению и уровню группы. Какой день вам удобн..."", ""[Письма Оглавление; source=source:local_docx:a238607e99b38079; freshness=unknown] Письма оглавление"", ""[Запись в группу/занятие через АМО; source=source:local_docx:a238607e99b38079; freshness=unknown] Запись в группу/занятие через АМО"", ""[Манго Оглавление; source=source:local_docx:a238607e99b38079; freshness=unknown] АМО Оглавление Как запустить карусель"", ""[Скрипты; source=source:local_docx:a238607e99b38079; freshness=unknown] Скрипты Обзвоны - скрипты от Бурнашова Д.:""]",[],[],,True,question,education_process,service:S2_unclear,0.82,0.86,[],unknown,draft_for_manager,"Здравствуйте! Вижу ваш вопрос и сверю его с данными по заявке. В базе знаний есть ориентир для менеджера: [Перевод с УНПК на Фотон; source=source:local_docx:a238607e99b38079; freshness=unknown] Скрипт перевода с УНПК на ФОТОН (пример по ЛВШ) Обязательно в начале разговора узнаем класс и пол ребенка (к примеру девочка 7 класс), отвечаем, что, к сожалению, на дан... Перед отправкой проверим актуальность условий именно для вашей программы.","[""Проверить черновик перед отправкой клиенту.""]",[],[],"[""manager_approval_required"", ""no_auto_send""]",[],"[""knowledge_snippets""]",,,
